gbifID,datasetKey,occurrenceID,kingdom,phylum,class,order,family,genus,species,infraspecificEpithet,taxonRank,scientificName,verbatimScientificName,verbatimScientificNameAuthorship,countryCode,locality,stateProvince,occurrenceStatus,individualCount,publishingOrgKey,decimalLatitude,decimalLongitude,coordinateUncertaintyInMeters,coordinatePrecision,elevation,elevationAccuracy,depth,depthAccuracy,eventDate,day,month,year,taxonKey,speciesKey,basisOfRecord,institutionCode,collectionCode,catalogNumber,recordNumber,identifiedBy,dateIdentified,license,rightsHolder,recordedBy,typeStatus,establishmentMeans,lastInterpreted,mediaType,issue
3960285486,14d5676a-2c54-4f94-9023-1e8dcd822aa0,q-10642311579,Plantae,Tracheophyta,Magnoliopsida,Solanales,Convolvulaceae,Convolvulus,Convolvulus arvensis,,SPECIES,Convolvulus arvensis L.,Convolvulus arvensis L.,L.,CH,,,PRESENT,1,da86174a-a605-43a4-a5e8-53d484152cd3,47.584801,8.823815,28,,501.76,0,,,06.07.22 07:57,6,7,2022,2928390,2928390,HUMAN_OBSERVATION,,,,,,,CC_BY_4_0,,,,,25.11.22 00:49,,COORDINATE_ROUNDED;COUNTRY_DERIVED_FROM_COORDINATES
3960261620,14d5676a-2c54-4f94-9023-1e8dcd822aa0,q-10481144053,Plantae,Tracheophyta,Magnoliopsida,Ericales,Balsaminaceae,Impatiens,Impatiens glandulifera,,SPECIES,Impatiens glandulifera Royle,Impatiens glandulifera Royle,Royle,CH,,,PRESENT,1,da86174a-a605-43a4-a5e8-53d484152cd3,47.586126,8.842941,5,,488.46,0,,,24.09.21 10:48,24,9,2021,2891770,2891770,HUMAN_OBSERVATION,,,,,,,CC_BY_4_0,,,,,25.11.22 01:04,,COORDINATE_ROUNDED;COUNTRY_DERIVED_FROM_COORDINATES
3960246499,14d5676a-2c54-4f94-9023-1e8dcd822aa0,q-10447565427,Plantae,Tracheophyta,Magnoliopsida,Lamiales,Scrophulariaceae,Verbascum,Verbascum nigrum,,SPECIES,Verbascum nigrum L.,Verbascum nigrum L.,L.,CH,,,PRESENT,1,da86174a-a605-43a4-a5e8-53d484152cd3,47.578088,8.824553,17,,425.28,0,,,08.08.21 06:45,8,8,2021,3171945,3171945,HUMAN_OBSERVATION,,,,,,,CC_BY_4_0,,,,,25.11.22 00:46,,COORDINATE_ROUNDED;COUNTRY_DERIVED_FROM_COORDINATES
3960092932,14d5676a-2c54-4f94-9023-1e8dcd822aa0,q-10363298886,Plantae,Tracheophyta,Magnoliopsida,Malpighiales,Euphorbiaceae,Euphorbia,Euphorbia cyparissias,,SPECIES,Euphorbia cyparissias L.,Euphorbia cyparissias L.,L.,CH,,,PRESENT,1,da86174a-a605-43a4-a5e8-53d484152cd3,47.587191,8.817521,64,,521.01,0,,,23.05.21 14:37,23,5,2021,3070106,3070106,HUMAN_OBSERVATION,,,,,,,CC_BY_4_0,,,,,25.11.22 00:44,,COORDINATE_ROUNDED;COUNTRY_DERIVED_FROM_COORDINATES
3960071441,14d5676a-2c54-4f94-9023-1e8dcd822aa0,q-10559362738,Plantae,Tracheophyta,Magnoliopsida,Dipsacales,Viburnaceae,Viburnum,Viburnum lantana,,SPECIES,Viburnum lantana L.,Viburnum lantana L.,L.,CH,,,PRESENT,1,da86174a-a605-43a4-a5e8-53d484152cd3,47.592935,8.81988,5,,517.35,0,,,20.04.22 12:53,20,4,2022,2888615,2888615,HUMAN_OBSERVATION,,,,,,,CC_BY_4_0,,,,,25.11.22 01:02,,COORDINATE_ROUNDED;COUNTRY_DERIVED_FROM_COORDINATES
3959967471,14d5676a-2c54-4f94-9023-1e8dcd822aa0,q-10599479977,Plantae,Tracheophyta,Magnoliopsida,Dipsacales,Viburnaceae,Sambucus,Sambucus ebulus,,SPECIES,Sambucus ebulus L.,Sambucus ebulus L.,L.,CH,,,PRESENT,1,da86174a-a605-43a4-a5e8-53d484152cd3,47.584709,8.852867,3,,506,0,,,26.05.22 08:00,26,5,2022,2888722,2888722,HUMAN_OBSERVATION,,,,,,,CC_BY_4_0,,,,,25.11.22 01:06,,COORDINATE_ROUNDED;COUNTRY_DERIVED_FROM_COORDINATES
3959929735,14d5676a-2c54-4f94-9023-1e8dcd822aa0,q-10593711550,Plantae,Tracheophyta,Liliopsida,Poales,Poaceae,Hordeum,Hordeum vulgare,,SPECIES,Hordeum vulgare L.,Hordeum vulgare L.,L.,CH,,,PRESENT,1,da86174a-a605-43a4-a5e8-53d484152cd3,47.579606,8.845985,5,,383.74,0,,,21.05.22 12:49,21,5,2022,2706056,2706056,HUMAN_OBSERVATION,,,,,,,CC_BY_4_0,,,,,25.11.22 00:51,,COORDINATE_ROUNDED;COUNTRY_DERIVED_FROM_COORDINATES
3959779679,14d5676a-2c54-4f94-9023-1e8dcd822aa0,q-10339140280,Plantae,Tracheophyta,Magnoliopsida,Rosales,Rosaceae,Prunus,Prunus laurocerasus,,SPECIES,Prunus laurocerasus L.,Prunus laurocerasus L.,L.,CH,,,PRESENT,1,da86174a-a605-43a4-a5e8-53d484152cd3,47.597758,8.835358,5,,485.85,0,,,01.05.21 11:39,1,5,2021,3021496,3021496,HUMAN_OBSERVATION,,,,,,,CC_BY_4_0,,,,,25.11.22 00:57,,COORDINATE_ROUNDED;COUNTRY_DERIVED_FROM_COORDINATES
3959659538,14d5676a-2c54-4f94-9023-1e8dcd822aa0,q-10659145811,Plantae,Tracheophyta,Magnoliopsida,Celastrales,Parnassiaceae,Parnassia,Parnassia palustris,,SPECIES,Parnassia palustris L.,Parnassia palustris L.,L.,CH,,,PRESENT,1,da86174a-a605-43a4-a5e8-53d484152cd3,47.59118,8.816719,16,,517.65,0,,,27.07.22 10:10,27,7,2022,3032585,3032585,HUMAN_OBSERVATION,,,,,,,CC_BY_4_0,,,,,25.11.22 00:54,,COORDINATE_ROUNDED;COUNTRY_DERIVED_FROM_COORDINATES
3959510351,14d5676a-2c54-4f94-9023-1e8dcd822aa0,q-10311715709,Plantae,Tracheophyta,Magnoliopsida,Cornales,Cornaceae,Cornus,Cornus mas,,SPECIES,Cornus mas L.,Cornus mas L.,L.,CH,,,PRESENT,1,da86174a-a605-43a4-a5e8-53d484152cd3,47.591111,8.816944,,,570,0,,,21.03.21 14:26,21,3,2021,3082263,3082263,HUMAN_OBSERVATION,,,,,,,CC_BY_4_0,,,,,25.11.22 01:01,,COORDINATE_ROUNDED;COUNTRY_DERIVED_FROM_COORDINATES
3959509797,14d5676a-2c54-4f94-9023-1e8dcd822aa0,q-10327026103,Plantae,Tracheophyta,Magnoliopsida,Brassicales,Brassicaceae,Cardamine,Cardamine heptaphylla,,SPECIES,Cardamine heptaphylla (L.) O.E.Schulz,Cardamine heptaphylla (Vill.) O.E.Schulz,(Vill.) O.E.Schulz,CH,,,PRESENT,1,da86174a-a605-43a4-a5e8-53d484152cd3,47.585194,8.851929,5,,465.65,0,,,17.04.21 09:55,17,4,2021,3045634,3045634,HUMAN_OBSERVATION,,,,,,,CC_BY_4_0,,,,,25.11.22 00:43,,COORDINATE_ROUNDED;COUNTRY_DERIVED_FROM_COORDINATES
3959422489,14d5676a-2c54-4f94-9023-1e8dcd822aa0,q-10370933454,Plantae,Tracheophyta,Magnoliopsida,Celastrales,Celastraceae,Euonymus,Euonymus europaeus,,SPECIES,Euonymus europaeus L.,Euonymus europaeus L.,L.,CH,,,PRESENT,1,da86174a-a605-43a4-a5e8-53d484152cd3,47.58064,8.820418,17,,427.77,0,,,30.05.21 07:48,30,5,2021,3169131,3169131,HUMAN_OBSERVATION,,,,,,,CC_BY_4_0,,,,,25.11.22 00:44,,COORDINATE_ROUNDED;COUNTRY_DERIVED_FROM_COORDINATES
3959206272,14d5676a-2c54-4f94-9023-1e8dcd822aa0,q-10307569468,Plantae,Tracheophyta,Magnoliopsida,Boraginales,Boraginaceae,Pulmonaria,Pulmonaria obscura,,SPECIES,Pulmonaria obscura Dumort.,Pulmonaria obscura Dumort.,Dumort.,CH,,,PRESENT,1,da86174a-a605-43a4-a5e8-53d484152cd3,47.586292,8.842642,5,,486.96,0,,,10.03.21 12:05,10,3,2021,5439925,5439925,HUMAN_OBSERVATION,,,,,,,CC_BY_4_0,,,,,25.11.22 00:42,,COORDINATE_ROUNDED;COUNTRY_DERIVED_FROM_COORDINATES
3959167049,14d5676a-2c54-4f94-9023-1e8dcd822aa0,q-10279446876,Plantae,Tracheophyta,Magnoliopsida,Boraginales,Hydrophyllaceae,Phacelia,Phacelia tanacetifolia,,SPECIES,Phacelia tanacetifolia Benth.,Phacelia tanacetifolia Benth.,Benth.,CH,,,PRESENT,1,da86174a-a605-43a4-a5e8-53d484152cd3,47.579717,8.845264,6,,387.2,0,,,12.11.20 13:41,12,11,2020,2928226,2928226,HUMAN_OBSERVATION,,,,,,,CC_BY_4_0,,,,,25.11.22 00:42,,COORDINATE_ROUNDED;COUNTRY_DERIVED_FROM_COORDINATES
3959142613,14d5676a-2c54-4f94-9023-1e8dcd822aa0,q-10439850039,Plantae,Tracheophyta,Magnoliopsida,Dipsacales,Viburnaceae,Sambucus,Sambucus ebulus,,SPECIES,Sambucus ebulus L.,Sambucus ebulus L.,L.,CH,,,PRESENT,1,da86174a-a605-43a4-a5e8-53d484152cd3,47.584926,8.8529,30,,470.04,0,,,29.07.21 13:38,29,7,2021,2888722,2888722,HUMAN_OBSERVATION,,,,,,,CC_BY_4_0,,,,,25.11.22 00:48,,COORDINATE_ROUNDED;COUNTRY_DERIVED_FROM_COORDINATES
3959108351,14d5676a-2c54-4f94-9023-1e8dcd822aa0,q-10562661269,Plantae,Tracheophyta,Magnoliopsida,Malpighiales,Euphorbiaceae,Euphorbia,Euphorbia cyparissias,,SPECIES,Euphorbia cyparissias L.,Euphorbia cyparissias L.,L.,CH,,,PRESENT,1,da86174a-a605-43a4-a5e8-53d484152cd3,47.576799,8.843556,16,,444.34,0,,,24.04.22 09:41,24,4,2022,3070106,3070106,HUMAN_OBSERVATION,,,,,,,CC_BY_4_0,,,,,25.11.22 01:01,,COORDINATE_ROUNDED;COUNTRY_DERIVED_FROM_COORDINATES
3959067318,14d5676a-2c54-4f94-9023-1e8dcd822aa0,q-10257921956,Plantae,Tracheophyta,Magnoliopsida,Lamiales,Lamiaceae,Origanum,Origanum vulgare,,SPECIES,Origanum vulgare L.,Origanum vulgare L.,L.,CH,,,PRESENT,1,da86174a-a605-43a4-a5e8-53d484152cd3,47.581121,8.827826,50,,396.9,0,,,21.09.20 13:07,21,9,2020,2926612,2926612,HUMAN_OBSERVATION,,,,,,,CC_BY_4_0,,,,,25.11.22 00:59,,COORDINATE_ROUNDED;COUNTRY_DERIVED_FROM_COORDINATES
3958650965,14d5676a-2c54-4f94-9023-1e8dcd822aa0,q-10200354228,Plantae,Tracheophyta,Magnoliopsida,Caryophyllales,Caryophyllaceae,Agrostemma,Agrostemma githago,,SPECIES,Agrostemma githago L.,Agrostemma githago L.,L.,CH,,,PRESENT,1,da86174a-a605-43a4-a5e8-53d484152cd3,47.58681,8.840941,5,,491.7,0,,,22.06.20 10:27,22,6,2020,3085368,3085368,HUMAN_OBSERVATION,,,,,,,CC_BY_4_0,,,,,25.11.22 00:54,,COORDINATE_ROUNDED;COUNTRY_DERIVED_FROM_COORDINATES
3958442904,14d5676a-2c54-4f94-9023-1e8dcd822aa0,q-10539444834,Plantae,Tracheophyta,Magnoliopsida,Brassicales,Brassicaceae,Cardamine,Cardamine heptaphylla,,SPECIES,Cardamine heptaphylla (L.) O.E.Schulz,Cardamine heptaphylla (Vill.) O.E.Schulz,(Vill.) O.E.Schulz,CH,,,PRESENT,1,da86174a-a605-43a4-a5e8-53d484152cd3,47.5849,8.852308,19,,521.01,0,,,20.03.22 14:05,20,3,2022,3045634,3045634,HUMAN_OBSERVATION,,,,,,,CC_BY_4_0,,,,,25.11.22 00:47,,COORDINATE_ROUNDED;COUNTRY_DERIVED_FROM_COORDINATES
3958426086,14d5676a-2c54-4f94-9023-1e8dcd822aa0,q-10562652932,Plantae,Tracheophyta,Liliopsida,Liliales,Melanthiaceae,Paris,Paris quadrifolia,,SPECIES,Paris quadrifolia L.,Paris quadrifolia L.,L.,CH,,,PRESENT,1,da86174a-a605-43a4-a5e8-53d484152cd3,47.577046,8.845561,16,,428,0,,,24.04.22 09:35,24,4,2022,5295911,5295911,HUMAN_OBSERVATION,,,,,,,CC_BY_4_0,,,,,25.11.22 01:02,,COORDINATE_ROUNDED;COUNTRY_DERIVED_FROM_COORDINATES
3958238659,14d5676a-2c54-4f94-9023-1e8dcd822aa0,q-10465403513,Plantae,Tracheophyta,Magnoliopsida,Brassicales,Brassicaceae,Alliaria,Alliaria petiolata,,SPECIES,Alliaria petiolata (M.Bieb.) Cavara & Grande,Alliaria petiolata (M.Bieb.) Cavara & Grande,(M.Bieb.) Cavara & Grande,CH,,,PRESENT,1,da86174a-a605-43a4-a5e8-53d484152cd3,47.597683,8.835328,4,,484.39,0,,,31.08.21 07:48,31,8,2021,5376075,5376075,HUMAN_OBSERVATION,,,,,,,CC_BY_4_0,,,,,25.11.22 00:46,,COORDINATE_ROUNDED;COUNTRY_DERIVED_FROM_COORDINATES
3958125019,14d5676a-2c54-4f94-9023-1e8dcd822aa0,q-10340116010,Plantae,Tracheophyta,Magnoliopsida,Dipsacales,Caprifoliaceae,Lonicera,Lonicera xylosteum,,SPECIES,Lonicera xylosteum L.,Lonicera xylosteum L.,L.,CH,,,PRESENT,1,da86174a-a605-43a4-a5e8-53d484152cd3,47.584817,8.849237,32,,444.31,0,,,02.05.21 08:35,2,5,2021,5334259,5334259,HUMAN_OBSERVATION,,,,,,,CC_BY_4_0,,,,,25.11.22 00:43,,COORDINATE_ROUNDED;COUNTRY_DERIVED_FROM_COORDINATES
3958072624,14d5676a-2c54-4f94-9023-1e8dcd822aa0,q-10330559771,Plantae,Tracheophyta,Magnoliopsida,Brassicales,Brassicaceae,Aubrieta,Aubrieta deltoidea,,SPECIES,Aubrieta deltoidea (L.) DC.,Aubrieta deltoidea (L.) DC.,(L.) DC.,CH,,,PRESENT,1,da86174a-a605-43a4-a5e8-53d484152cd3,47.597522,8.833938,5,,482.57,0,,,21.04.21 12:30,21,4,2021,3054117,3054117,HUMAN_OBSERVATION,,,,,,,CC_BY_4_0,,,,,25.11.22 00:57,,COORDINATE_ROUNDED;COUNTRY_DERIVED_FROM_COORDINATES
3958028655,14d5676a-2c54-4f94-9023-1e8dcd822aa0,q-10182633847,Plantae,Tracheophyta,Magnoliopsida,Caryophyllales,Caryophyllaceae,Agrostemma,Agrostemma githago,,SPECIES,Agrostemma githago L.,Agrostemma githago L.,L.,CH,,,PRESENT,1,da86174a-a605-43a4-a5e8-53d484152cd3,47.579638,8.825056,28,,,,,,01.06.20 09:36,1,6,2020,3085368,3085368,HUMAN_OBSERVATION,,,,,,,CC_BY_4_0,,,,,25.11.22 00:54,,COORDINATE_ROUNDED;COUNTRY_DERIVED_FROM_COORDINATES
3957997324,14d5676a-2c54-4f94-9023-1e8dcd822aa0,q-10406811906,Plantae,Tracheophyta,Magnoliopsida,Dipsacales,Viburnaceae,Sambucus,Sambucus ebulus,,SPECIES,Sambucus ebulus L.,Sambucus ebulus L.,L.,CH,,,PRESENT,1,da86174a-a605-43a4-a5e8-53d484152cd3,47.588511,8.851267,65,,479.81,0,,,26.06.21 14:45,26,6,2021,2888722,2888722,HUMAN_OBSERVATION,,,,,,,CC_BY_4_0,,,,,25.11.22 00:45,,COORDINATE_ROUNDED;COUNTRY_DERIVED_FROM_COORDINATES
3957939578,14d5676a-2c54-4f94-9023-1e8dcd822aa0,q-10403183413,Plantae,Tracheophyta,Magnoliopsida,Fabales,Fabaceae,Medicago,Medicago falcata,,SPECIES,Medicago falcata L.,Medicago falcata L.,L.,CH,,,PRESENT,1,da86174a-a605-43a4-a5e8-53d484152cd3,47.587252,8.817674,14,,475.1,0,,,23.06.21 15:39,23,6,2021,2965354,2965354,HUMAN_OBSERVATION,,,,,,,CC_BY_4_0,,,,,25.11.22 00:58,,COORDINATE_ROUNDED;COUNTRY_DERIVED_FROM_COORDINATES
3957816335,14d5676a-2c54-4f94-9023-1e8dcd822aa0,q-10167656807,Plantae,Tracheophyta,Magnoliopsida,Asterales,Campanulaceae,Phyteuma,Phyteuma scheuchzeri,,SPECIES,Phyteuma scheuchzeri All.,Phyteuma scheuchzeri All.,All.,CH,,,PRESENT,1,da86174a-a605-43a4-a5e8-53d484152cd3,47.580649,8.831804,15,,428,0,,,16.05.20 12:57,16,5,2020,3166807,3166807,HUMAN_OBSERVATION,,,,,,,CC_BY_4_0,,,,,25.11.22 00:41,,COORDINATE_ROUNDED;COUNTRY_DERIVED_FROM_COORDINATES
3957696603,14d5676a-2c54-4f94-9023-1e8dcd822aa0,q-10644128727,Plantae,Tracheophyta,Magnoliopsida,Asterales,Campanulaceae,Campanula,Campanula trachelium,,SPECIES,Campanula trachelium L.,Campanula trachelium L.,L.,CH,,,PRESENT,1,da86174a-a605-43a4-a5e8-53d484152cd3,47.59793,8.835433,4,,488,0,,,08.07.22 12:56,8,7,2022,5412014,5412014,HUMAN_OBSERVATION,,,,,,,CC_BY_4_0,,,,,25.11.22 01:04,,COORDINATE_ROUNDED;COUNTRY_DERIVED_FROM_COORDINATES
3957685430,14d5676a-2c54-4f94-9023-1e8dcd822aa0,q-10525634016,Plantae,Tracheophyta,Magnoliopsida,Brassicales,Brassicaceae,Sinapis,Sinapis alba,,SPECIES,Sinapis alba L.,Sinapis alba L.,L.,CH,,,PRESENT,1,da86174a-a605-43a4-a5e8-53d484152cd3,47.588951,8.818548,4,,548.27,0,,,06.02.22 10:33,6,2,2022,3047621,3047621,HUMAN_OBSERVATION,,,,,,,CC_BY_4_0,,,,,25.11.22 01:04,,COORDINATE_ROUNDED;COUNTRY_DERIVED_FROM_COORDINATES
3957513224,14d5676a-2c54-4f94-9023-1e8dcd822aa0,q-10646378298,Plantae,Tracheophyta,Magnoliopsida,Lamiales,Lamiaceae,Hyssopus,Hyssopus officinalis,,SPECIES,Hyssopus officinalis L.,Hyssopus officinalis L.,L.,CH,,,PRESENT,1,da86174a-a605-43a4-a5e8-53d484152cd3,47.583145,8.832292,19,,468.67,0,,,10.07.22 16:52,10,7,2022,5341387,5341387,HUMAN_OBSERVATION,,,,,,,CC_BY_4_0,,,,,25.11.22 01:08,,COORDINATE_ROUNDED;COUNTRY_DERIVED_FROM_COORDINATES
3957395544,14d5676a-2c54-4f94-9023-1e8dcd822aa0,q-10648324833,Plantae,Tracheophyta,Magnoliopsida,Dipsacales,Viburnaceae,Sambucus,Sambucus ebulus,,SPECIES,Sambucus ebulus L.,Sambucus ebulus L.,L.,CH,,,PRESENT,1,da86174a-a605-43a4-a5e8-53d484152cd3,47.584941,8.851997,16,,456.67,0,,,13.07.22 06:59,13,7,2022,2888722,2888722,HUMAN_OBSERVATION,,,,,,,CC_BY_4_0,,,,,25.11.22 01:03,,COORDINATE_ROUNDED;COUNTRY_DERIVED_FROM_COORDINATES
3957327128,14d5676a-2c54-4f94-9023-1e8dcd822aa0,q-10653613602,Plantae,Tracheophyta,Magnoliopsida,Brassicales,Brassicaceae,Lepidium,Lepidium latifolium,,SPECIES,Lepidium latifolium L.,Lepidium latifolium L.,L.,CH,,,PRESENT,1,da86174a-a605-43a4-a5e8-53d484152cd3,47.581956,8.827716,21,,387.54,0,,,19.07.22 18:25,19,7,2022,5376692,5376692,HUMAN_OBSERVATION,,,,,,,CC_BY_4_0,,,,,25.11.22 00:50,,COORDINATE_ROUNDED;COUNTRY_DERIVED_FROM_COORDINATES
3957154602,14d5676a-2c54-4f94-9023-1e8dcd822aa0,q-10204105336,Plantae,Tracheophyta,Magnoliopsida,Caryophyllales,Caryophyllaceae,Agrostemma,Agrostemma githago,,SPECIES,Agrostemma githago L.,Agrostemma githago L.,L.,CH,,,PRESENT,1,da86174a-a605-43a4-a5e8-53d484152cd3,47.58139,8.824974,16,,379.13,0,,,27.06.20 13:24,27,6,2020,3085368,3085368,HUMAN_OBSERVATION,,,,,,,CC_BY_4_0,,,,,25.11.22 00:55,,COORDINATE_ROUNDED;COUNTRY_DERIVED_FROM_COORDINATES
3957023367,14d5676a-2c54-4f94-9023-1e8dcd822aa0,q-10612611857,Plantae,Tracheophyta,Magnoliopsida,Dipsacales,Viburnaceae,Sambucus,Sambucus ebulus,,SPECIES,Sambucus ebulus L.,Sambucus ebulus L.,L.,CH,,,PRESENT,1,da86174a-a605-43a4-a5e8-53d484152cd3,47.58467,8.851938,32,,499.41,0,,,05.06.22 16:33,5,6,2022,2888722,2888722,HUMAN_OBSERVATION,,,,,,,CC_BY_4_0,,,,,25.11.22 00:50,,COORDINATE_ROUNDED;COUNTRY_DERIVED_FROM_COORDINATES
3956967390,14d5676a-2c54-4f94-9023-1e8dcd822aa0,q-10179442020,Plantae,Tracheophyta,Magnoliopsida,Brassicales,Brassicaceae,Cardamine,Cardamine impatiens,,SPECIES,Cardamine impatiens L.,Cardamine impatiens L.,L.,CH,,,PRESENT,1,da86174a-a605-43a4-a5e8-53d484152cd3,47.586906,8.840604,11,,493.11,0,,,29.05.20 10:41,29,5,2020,3046187,3046187,HUMAN_OBSERVATION,,,,,,,CC_BY_4_0,,,,,25.11.22 00:54,,COORDINATE_ROUNDED;COUNTRY_DERIVED_FROM_COORDINATES
3956876006,14d5676a-2c54-4f94-9023-1e8dcd822aa0,q-10579958620,Plantae,Tracheophyta,Magnoliopsida,Fabales,Fabaceae,Vicia,Vicia sepium,,SPECIES,Vicia sepium L.,Vicia sepium L.,L.,CH,,,PRESENT,1,da86174a-a605-43a4-a5e8-53d484152cd3,47.577772,8.826142,5,,442.73,0,,,09.05.22 14:10,9,5,2022,2974786,2974786,HUMAN_OBSERVATION,,,,,,,CC_BY_4_0,,,,,25.11.22 01:01,,COORDINATE_ROUNDED;COUNTRY_DERIVED_FROM_COORDINATES
3956778186,14d5676a-2c54-4f94-9023-1e8dcd822aa0,q-10182647373,Plantae,Tracheophyta,Magnoliopsida,Caryophyllales,Amaranthaceae,Beta,Beta vulgaris,,SPECIES,Beta vulgaris L.,Beta vulgaris L.,L.,CH,,,PRESENT,1,da86174a-a605-43a4-a5e8-53d484152cd3,47.588465,8.82825,16,,555.92,0,,,01.06.20 09:47,1,6,2020,8971274,8971274,HUMAN_OBSERVATION,,,,,,,CC_BY_4_0,,,,,25.11.22 00:58,,COORDINATE_ROUNDED;COUNTRY_DERIVED_FROM_COORDINATES
3956744088,14d5676a-2c54-4f94-9023-1e8dcd822aa0,q-10362987988,Plantae,Tracheophyta,Magnoliopsida,Gentianales,Rubiaceae,Galium,Galium odoratum,,SPECIES,Galium odoratum (L.) Scop.,Galium odoratum (L.) Scop.,(L.) Scop.,CH,,,PRESENT,1,da86174a-a605-43a4-a5e8-53d484152cd3,47.586534,8.847968,26,,547.4,0,,,23.05.21 12:30,23,5,2021,2914642,2914642,HUMAN_OBSERVATION,,,,,,,CC_BY_4_0,,,,,25.11.22 00:44,,COORDINATE_ROUNDED;COUNTRY_DERIVED_FROM_COORDINATES
3956608275,14d5676a-2c54-4f94-9023-1e8dcd822aa0,q-10103491938,Plantae,Tracheophyta,Magnoliopsida,Rosales,Rosaceae,Agrimonia,Agrimonia eupatoria,,SPECIES,Agrimonia eupatoria L.,Agrimonia eupatoria L.,L.,CH,,,PRESENT,1,da86174a-a605-43a4-a5e8-53d484152cd3,47.586389,8.831111,,,535,0,,,17.08.19 15:29,17,8,2019,3001956,3001956,HUMAN_OBSERVATION,,,,,,,CC_BY_4_0,,,,,25.11.22 00:40,,COORDINATE_ROUNDED;COUNTRY_DERIVED_FROM_COORDINATES
3956460581,14d5676a-2c54-4f94-9023-1e8dcd822aa0,q-10616186805,Plantae,Tracheophyta,Magnoliopsida,Rosales,Rosaceae,Aruncus,Aruncus dioicus,,SPECIES,Aruncus dioicus (Walter) Fernald,Aruncus dioicus (Walter) Fernald,(Walter) Fernald,CH,,,PRESENT,1,da86174a-a605-43a4-a5e8-53d484152cd3,47.580736,8.829928,14,,427.71,0,,,08.06.22 18:49,8,6,2022,5362136,5362136,HUMAN_OBSERVATION,,,,,,,CC_BY_4_0,,,,,25.11.22 01:02,,COORDINATE_ROUNDED;COUNTRY_DERIVED_FROM_COORDINATES
3956453865,14d5676a-2c54-4f94-9023-1e8dcd822aa0,q-10417836402,Plantae,Tracheophyta,Magnoliopsida,Myrtales,Lythraceae,Lythrum,Lythrum salicaria,,SPECIES,Lythrum salicaria L.,Lythrum salicaria L.,L.,CH,,,PRESENT,1,da86174a-a605-43a4-a5e8-53d484152cd3,47.576714,8.826146,5,,422.92,0,,,05.07.21 06:00,5,7,2021,3188736,3188736,HUMAN_OBSERVATION,,,,,,,CC_BY_4_0,,,,,25.11.22 00:45,,COORDINATE_ROUNDED;COUNTRY_DERIVED_FROM_COORDINATES
3956359757,14d5676a-2c54-4f94-9023-1e8dcd822aa0,q-10173071833,Plantae,Tracheophyta,Magnoliopsida,Rosales,Rosaceae,Prunus,Prunus spinosa,,SPECIES,Prunus spinosa L.,Prunus spinosa L.,L.,CH,,,PRESENT,1,da86174a-a605-43a4-a5e8-53d484152cd3,47.577204,8.841458,12,,449.01,0,,,22.05.20 07:44,22,5,2020,3023221,3023221,HUMAN_OBSERVATION,,,,,,,CC_BY_4_0,,,,,25.11.22 00:41,,COORDINATE_ROUNDED;COUNTRY_DERIVED_FROM_COORDINATES
3956214160,14d5676a-2c54-4f94-9023-1e8dcd822aa0,q-10646765577,Plantae,Tracheophyta,Magnoliopsida,Caryophyllales,Polygonaceae,Fagopyrum,Fagopyrum esculentum,,SPECIES,Fagopyrum esculentum Moench,Fagopyrum esculentum Moench,Moench,CH,,,PRESENT,1,da86174a-a605-43a4-a5e8-53d484152cd3,47.58334,8.821446,10,,431,0,,,11.07.22 06:58,11,7,2022,2889373,2889373,HUMAN_OBSERVATION,,,,,,,CC_BY_4_0,,,,,25.11.22 00:49,,COORDINATE_ROUNDED;COUNTRY_DERIVED_FROM_COORDINATES
3955642538,14d5676a-2c54-4f94-9023-1e8dcd822aa0,q-10379607935,Plantae,Tracheophyta,Magnoliopsida,Lamiales,Lamiaceae,Melittis,Melittis melissophyllum,,SPECIES,Melittis melissophyllum L.,Melittis melissophyllum L.,L.,CH,,,PRESENT,1,da86174a-a605-43a4-a5e8-53d484152cd3,47.58833,8.836312,5,,506.2,0,,,05.06.21 21:35,5,6,2021,8105693,8105693,HUMAN_OBSERVATION,,,,,,,CC_BY_4_0,,,,,25.11.22 00:57,,COORDINATE_ROUNDED;COUNTRY_DERIVED_FROM_COORDINATES
3955624265,14d5676a-2c54-4f94-9023-1e8dcd822aa0,q-10272434414,Plantae,Tracheophyta,Magnoliopsida,Sapindales,Anacardiaceae,Rhus,Rhus typhina,,SPECIES,Rhus typhina L.,Rhus typhina L.,L.,CH,,,PRESENT,1,da86174a-a605-43a4-a5e8-53d484152cd3,47.590514,8.853426,8,,469.75,0,,,24.10.20 13:26,24,10,2020,3190538,3190538,HUMAN_OBSERVATION,,,,,,,CC_BY_4_0,,,,,25.11.22 00:57,,COORDINATE_ROUNDED;COUNTRY_DERIVED_FROM_COORDINATES
3955618829,14d5676a-2c54-4f94-9023-1e8dcd822aa0,q-10554062809,Plantae,Tracheophyta,Magnoliopsida,Rosales,Rosaceae,Prunus,Prunus padus,,SPECIES,Prunus padus L.,Prunus padus L.,L.,CH,,,PRESENT,1,da86174a-a605-43a4-a5e8-53d484152cd3,47.577691,8.82565,128,,435,0,,,15.04.22 08:09,15,4,2022,3021037,3021037,HUMAN_OBSERVATION,,,,,,,CC_BY_4_0,,,,,25.11.22 01:01,,COORDINATE_ROUNDED;COUNTRY_DERIVED_FROM_COORDINATES
3955468611,14d5676a-2c54-4f94-9023-1e8dcd822aa0,q-10458048029,Plantae,Tracheophyta,Magnoliopsida,Solanales,Solanaceae,Nicotiana,Nicotiana tabacum,,SPECIES,Nicotiana tabacum L.,Nicotiana tabacum L.,L.,CH,,,PRESENT,1,da86174a-a605-43a4-a5e8-53d484152cd3,47.597997,8.823035,26,,493.87,0,,,21.08.21 09:49,21,8,2021,2928774,2928774,HUMAN_OBSERVATION,,,,,,,CC_BY_4_0,,,,,25.11.22 00:46,,COORDINATE_ROUNDED;COUNTRY_DERIVED_FROM_COORDINATES
3955395262,14d5676a-2c54-4f94-9023-1e8dcd822aa0,q-10617632657,Plantae,Tracheophyta,Magnoliopsida,Caryophyllales,Amaranthaceae,Beta,Beta vulgaris,,SPECIES,Beta vulgaris L.,Beta vulgaris L.,L.,CH,,,PRESENT,1,da86174a-a605-43a4-a5e8-53d484152cd3,47.592082,8.818585,12,,591.58,0,,,10.06.22 11:17,10,6,2022,8971274,8971274,HUMAN_OBSERVATION,,,,,,,CC_BY_4_0,,,,,25.11.22 01:04,,COORDINATE_ROUNDED;COUNTRY_DERIVED_FROM_COORDINATES
3955317144,14d5676a-2c54-4f94-9023-1e8dcd822aa0,q-10481147523,Plantae,Tracheophyta,Magnoliopsida,Boraginales,Boraginaceae,Borago,Borago officinalis,,SPECIES,Borago officinalis L.,Borago officinalis L.,L.,CH,,,PRESENT,1,da86174a-a605-43a4-a5e8-53d484152cd3,47.586105,8.84346,10,,491.21,0,,,24.09.21 10:54,24,9,2021,2926110,2926110,HUMAN_OBSERVATION,,,,,,,CC_BY_4_0,,,,,25.11.22 00:46,,COORDINATE_ROUNDED;COUNTRY_DERIVED_FROM_COORDINATES
3955289092,14d5676a-2c54-4f94-9023-1e8dcd822aa0,q-10575887842,Plantae,Tracheophyta,Magnoliopsida,Asterales,Campanulaceae,Phyteuma,Phyteuma spicatum,,SPECIES,Phyteuma spicatum L.,Phyteuma spicatum L.,L.,CH,,,PRESENT,1,da86174a-a605-43a4-a5e8-53d484152cd3,47.585957,8.850614,75,,424.58,0,,,06.05.22 15:23,6,5,2022,3166841,3166841,HUMAN_OBSERVATION,,,,,,,CC_BY_4_0,,,,,25.11.22 00:48,,COORDINATE_ROUNDED;COUNTRY_DERIVED_FROM_COORDINATES
3955259305,14d5676a-2c54-4f94-9023-1e8dcd822aa0,q-10377616484,Plantae,Tracheophyta,Liliopsida,Poales,Poaceae,Triticum,Triticum aestivum,,SPECIES,Triticum aestivum L.,Triticum aestivum L.,L.,CH,,,PRESENT,1,da86174a-a605-43a4-a5e8-53d484152cd3,47.595689,8.838138,10,,481.95,0,,,04.06.21 12:57,4,6,2021,7795888,7795888,HUMAN_OBSERVATION,,,,,,,CC_BY_4_0,,,,,25.11.22 00:44,,COORDINATE_ROUNDED;COUNTRY_DERIVED_FROM_COORDINATES
3955203118,14d5676a-2c54-4f94-9023-1e8dcd822aa0,q-10406409196,Plantae,Tracheophyta,Magnoliopsida,Boraginales,Hydrophyllaceae,Phacelia,Phacelia tanacetifolia,,SPECIES,Phacelia tanacetifolia Benth.,Phacelia tanacetifolia Benth.,Benth.,CH,,,PRESENT,1,da86174a-a605-43a4-a5e8-53d484152cd3,47.5859,8.843107,40,,480.07,0,,,26.06.21 10:16,26,6,2021,2928226,2928226,HUMAN_OBSERVATION,,,,,,,CC_BY_4_0,,,,,25.11.22 01:00,,COORDINATE_ROUNDED;COUNTRY_DERIVED_FROM_COORDINATES
3955014923,14d5676a-2c54-4f94-9023-1e8dcd822aa0,q-10322823964,Plantae,Tracheophyta,Magnoliopsida,Rosales,Rosaceae,Prunus,Prunus spinosa,,SPECIES,Prunus spinosa L.,Prunus spinosa L.,L.,CH,,,PRESENT,1,da86174a-a605-43a4-a5e8-53d484152cd3,47.577158,8.842609,7,,423,0,,,10.04.21 13:43,10,4,2021,3023221,3023221,HUMAN_OBSERVATION,,,,,,,CC_BY_4_0,,,,,25.11.22 00:45,,COORDINATE_ROUNDED;COUNTRY_DERIVED_FROM_COORDINATES
3955000367,14d5676a-2c54-4f94-9023-1e8dcd822aa0,q-10585171404,Plantae,Tracheophyta,Magnoliopsida,Dipsacales,Viburnaceae,Sambucus,Sambucus ebulus,,SPECIES,Sambucus ebulus L.,Sambucus ebulus L.,L.,CH,,,PRESENT,1,da86174a-a605-43a4-a5e8-53d484152cd3,47.584703,8.85291,18,,454.06,0,,,14.05.22 10:37,14,5,2022,2888722,2888722,HUMAN_OBSERVATION,,,,,,,CC_BY_4_0,,,,,25.11.22 01:02,,COORDINATE_ROUNDED;COUNTRY_DERIVED_FROM_COORDINATES
3954978739,14d5676a-2c54-4f94-9023-1e8dcd822aa0,q-10363123779,Plantae,Tracheophyta,Magnoliopsida,Lamiales,Lamiaceae,Lamium,Lamium galeobdolon,,SPECIES,Lamium galeobdolon (L.) L.,Lamium galeobdolon (L.) L.,(L.) L.,CH,,,PRESENT,1,da86174a-a605-43a4-a5e8-53d484152cd3,47.585891,8.843053,41,,396.81,0,,,23.05.21 13:28,23,5,2021,2927324,2927324,HUMAN_OBSERVATION,,,,,,,CC_BY_4_0,,,,,25.11.22 00:57,,COORDINATE_ROUNDED;COUNTRY_DERIVED_FROM_COORDINATES
3954840102,14d5676a-2c54-4f94-9023-1e8dcd822aa0,q-10356412206,Plantae,Tracheophyta,Magnoliopsida,Lamiales,Lamiaceae,Glechoma,Glechoma hederacea,,SPECIES,Glechoma hederacea L.,Glechoma hederacea L.,L.,CH,,,PRESENT,1,da86174a-a605-43a4-a5e8-53d484152cd3,47.585726,8.821379,48,,514.96,0,,,17.05.21 08:54,17,5,2021,2926557,2926557,HUMAN_OBSERVATION,,,,,,,CC_BY_4_0,,,,,25.11.22 00:58,,COORDINATE_ROUNDED;COUNTRY_DERIVED_FROM_COORDINATES
3954764001,14d5676a-2c54-4f94-9023-1e8dcd822aa0,q-10323406675,Plantae,Tracheophyta,Magnoliopsida,Brassicales,Brassicaceae,Cardamine,Cardamine heptaphylla,,SPECIES,Cardamine heptaphylla (L.) O.E.Schulz,Cardamine heptaphylla (Vill.) O.E.Schulz,(Vill.) O.E.Schulz,CH,,,PRESENT,1,da86174a-a605-43a4-a5e8-53d484152cd3,47.587463,8.832836,24,,558.39,0,,,11.04.21 10:27,11,4,2021,3045634,3045634,HUMAN_OBSERVATION,,,,,,,CC_BY_4_0,,,,,25.11.22 00:43,,COORDINATE_ROUNDED;COUNTRY_DERIVED_FROM_COORDINATES
3954562133,14d5676a-2c54-4f94-9023-1e8dcd822aa0,q-10325965571,Plantae,Tracheophyta,Magnoliopsida,Brassicales,Brassicaceae,Cardamine,Cardamine heptaphylla,,SPECIES,Cardamine heptaphylla (L.) O.E.Schulz,Cardamine heptaphylla (Vill.) O.E.Schulz,(Vill.) O.E.Schulz,CH,,,PRESENT,1,da86174a-a605-43a4-a5e8-53d484152cd3,47.586464,8.841636,14,,472.11,0,,,15.04.21 13:50,15,4,2021,3045634,3045634,HUMAN_OBSERVATION,,,,,,,CC_BY_4_0,,,,,25.11.22 00:56,,COORDINATE_ROUNDED;COUNTRY_DERIVED_FROM_COORDINATES
3954483173,14d5676a-2c54-4f94-9023-1e8dcd822aa0,q-10339141183,Plantae,Tracheophyta,Magnoliopsida,Brassicales,Brassicaceae,Alliaria,Alliaria petiolata,,SPECIES,Alliaria petiolata (M.Bieb.) Cavara & Grande,Alliaria petiolata (M.Bieb.) Cavara & Grande,(M.Bieb.) Cavara & Grande,CH,,,PRESENT,1,da86174a-a605-43a4-a5e8-53d484152cd3,47.597947,8.835145,5,,487.53,0,,,01.05.21 11:39,1,5,2021,5376075,5376075,HUMAN_OBSERVATION,,,,,,,CC_BY_4_0,,,,,25.11.22 00:56,,COORDINATE_ROUNDED;COUNTRY_DERIVED_FROM_COORDINATES
3954283298,14d5676a-2c54-4f94-9023-1e8dcd822aa0,q-10346998142,Plantae,Tracheophyta,Magnoliopsida,Gentianales,Rubiaceae,Galium,Galium odoratum,,SPECIES,Galium odoratum (L.) Scop.,Galium odoratum (L.) Scop.,(L.) Scop.,CH,,,PRESENT,1,da86174a-a605-43a4-a5e8-53d484152cd3,47.584962,8.852027,8,,501.66,0,,,09.05.21 09:45,9,5,2021,2914642,2914642,HUMAN_OBSERVATION,,,,,,,CC_BY_4_0,,,,,25.11.22 00:43,,COORDINATE_ROUNDED;COUNTRY_DERIVED_FROM_COORDINATES
3954246904,14d5676a-2c54-4f94-9023-1e8dcd822aa0,q-10617646070,Plantae,Tracheophyta,Liliopsida,Poales,Poaceae,Hordeum,Hordeum vulgare,,SPECIES,Hordeum vulgare L.,Hordeum vulgare L.,L.,CH,,,PRESENT,1,da86174a-a605-43a4-a5e8-53d484152cd3,47.589588,8.818147,8,,571.74,0,,,10.06.22 11:31,10,6,2022,2706056,2706056,HUMAN_OBSERVATION,,,,,,,CC_BY_4_0,,,,,25.11.22 00:51,,COORDINATE_ROUNDED;COUNTRY_DERIVED_FROM_COORDINATES
3954106940,14d5676a-2c54-4f94-9023-1e8dcd822aa0,q-10311716764,Plantae,Tracheophyta,Magnoliopsida,Cornales,Cornaceae,Cornus,Cornus mas,,SPECIES,Cornus mas L.,Cornus mas L.,L.,CH,,,PRESENT,1,da86174a-a605-43a4-a5e8-53d484152cd3,47.591111,8.816944,,,570,0,,,21.03.21 14:28,21,3,2021,3082263,3082263,HUMAN_OBSERVATION,,,,,,,CC_BY_4_0,,,,,25.11.22 00:57,,COORDINATE_ROUNDED;COUNTRY_DERIVED_FROM_COORDINATES
3954063058,14d5676a-2c54-4f94-9023-1e8dcd822aa0,q-10407858483,Plantae,Tracheophyta,Magnoliopsida,Caryophyllales,Amaranthaceae,Beta,Beta vulgaris,,SPECIES,Beta vulgaris L.,Beta vulgaris L.,L.,CH,,,PRESENT,1,da86174a-a605-43a4-a5e8-53d484152cd3,47.599738,8.828597,5,,485.57,0,,,27.06.21 09:26,27,6,2021,8971274,8971274,HUMAN_OBSERVATION,,,,,,,CC_BY_4_0,,,,,25.11.22 00:47,,COORDINATE_ROUNDED;COUNTRY_DERIVED_FROM_COORDINATES
3954025797,14d5676a-2c54-4f94-9023-1e8dcd822aa0,q-10556198474,Plantae,Tracheophyta,Magnoliopsida,Asterales,Campanulaceae,Phyteuma,Phyteuma spicatum,,SPECIES,Phyteuma spicatum L.,Phyteuma spicatum L.,L.,CH,,,PRESENT,1,da86174a-a605-43a4-a5e8-53d484152cd3,47.584806,8.8524,8,,452.39,0,,,17.04.22 11:19,17,4,2022,3166841,3166841,HUMAN_OBSERVATION,,,,,,,CC_BY_4_0,,,,,25.11.22 00:48,,COORDINATE_ROUNDED;COUNTRY_DERIVED_FROM_COORDINATES
3954017872,14d5676a-2c54-4f94-9023-1e8dcd822aa0,q-10556203909,Plantae,Tracheophyta,Magnoliopsida,Gentianales,Rubiaceae,Galium,Galium odoratum,,SPECIES,Galium odoratum (L.) Scop.,Galium odoratum (L.) Scop.,(L.) Scop.,CH,,,PRESENT,1,da86174a-a605-43a4-a5e8-53d484152cd3,47.585002,8.85215,8,,458.44,0,,,17.04.22 11:23,17,4,2022,2914642,2914642,HUMAN_OBSERVATION,,,,,,,CC_BY_4_0,,,,,25.11.22 00:48,,COORDINATE_ROUNDED;COUNTRY_DERIVED_FROM_COORDINATES
3953906532,14d5676a-2c54-4f94-9023-1e8dcd822aa0,q-10499260008,Plantae,Tracheophyta,Magnoliopsida,Boraginales,Hydrophyllaceae,Phacelia,Phacelia tanacetifolia,,SPECIES,Phacelia tanacetifolia Benth.,Phacelia tanacetifolia Benth.,Benth.,CH,,,PRESENT,1,da86174a-a605-43a4-a5e8-53d484152cd3,47.575991,8.839611,23,,381.4,0,,,28.10.21 15:16,28,10,2021,2928226,2928226,HUMAN_OBSERVATION,,,,,,,CC_BY_4_0,,,,,25.11.22 00:49,,COORDINATE_ROUNDED;COUNTRY_DERIVED_FROM_COORDINATES
3953643667,14d5676a-2c54-4f94-9023-1e8dcd822aa0,q-10598057192,Plantae,Tracheophyta,Magnoliopsida,Rosales,Rosaceae,Cydonia,Cydonia oblonga,,SPECIES,Cydonia oblonga Mill.,Cydonia oblonga Mill.,Mill.,CH,,,PRESENT,1,da86174a-a605-43a4-a5e8-53d484152cd3,47.581074,8.830655,28,,499.7,0,,,24.05.22 17:14,24,5,2022,5362215,5362215,HUMAN_OBSERVATION,,,,,,,CC_BY_4_0,,,,,25.11.22 00:52,,COORDINATE_ROUNDED;COUNTRY_DERIVED_FROM_COORDINATES
3953638523,14d5676a-2c54-4f94-9023-1e8dcd822aa0,q-10198612757,Plantae,Tracheophyta,Magnoliopsida,Lamiales,Lamiaceae,Leonurus,Leonurus cardiaca,,SPECIES,Leonurus cardiaca L.,Leonurus cardiaca L.,L.,CH,,,PRESENT,1,da86174a-a605-43a4-a5e8-53d484152cd3,47.585154,8.823046,12,,498.55,0,,,20.06.20 16:17,20,6,2020,5341389,5341389,HUMAN_OBSERVATION,,,,,,,CC_BY_4_0,,,,,25.11.22 00:42,,COORDINATE_ROUNDED;COUNTRY_DERIVED_FROM_COORDINATES
3953501786,14d5676a-2c54-4f94-9023-1e8dcd822aa0,q-10408933283,Plantae,Tracheophyta,Liliopsida,Poales,Poaceae,Triticum,Triticum aestivum,,SPECIES,Triticum aestivum L.,Triticum aestivum L.,L.,CH,,,PRESENT,1,da86174a-a605-43a4-a5e8-53d484152cd3,47.600087,8.833067,5,,485.62,0,,,27.06.21 20:55,27,6,2021,7795888,7795888,HUMAN_OBSERVATION,,,,,,,CC_BY_4_0,,,,,25.11.22 00:45,,COORDINATE_ROUNDED;COUNTRY_DERIVED_FROM_COORDINATES
3953410049,14d5676a-2c54-4f94-9023-1e8dcd822aa0,q-10359396798,Plantae,Tracheophyta,Magnoliopsida,Boraginales,Boraginaceae,Symphytum,Symphytum officinale,,SPECIES,Symphytum officinale L.,Symphytum officinale L.,L.,CH,,,PRESENT,1,da86174a-a605-43a4-a5e8-53d484152cd3,47.584705,8.853148,12,,479.89,0,,,20.05.21 10:11,20,5,2021,7558421,7558421,HUMAN_OBSERVATION,,,,,,,CC_BY_4_0,,,,,25.11.22 00:44,,COORDINATE_ROUNDED;COUNTRY_DERIVED_FROM_COORDINATES
3953167024,14d5676a-2c54-4f94-9023-1e8dcd822aa0,q-10359393466,Plantae,Tracheophyta,Magnoliopsida,Sapindales,Sapindaceae,Aesculus,Aesculus hippocastanum,,SPECIES,Aesculus hippocastanum L.,Aesculus hippocastanum L.,L.,CH,,,PRESENT,1,da86174a-a605-43a4-a5e8-53d484152cd3,47.585,8.853,123,,576.38,0,,,20.05.21 10:07,20,5,2021,3189815,3189815,HUMAN_OBSERVATION,,,,,,,CC_BY_4_0,,,,,25.11.22 01:04,,COUNTRY_DERIVED_FROM_COORDINATES
3952758662,14d5676a-2c54-4f94-9023-1e8dcd822aa0,q-10215097298,Plantae,Tracheophyta,Magnoliopsida,Caryophyllales,Amaranthaceae,Beta,Beta vulgaris,,SPECIES,Beta vulgaris L.,Beta vulgaris L.,L.,CH,,,PRESENT,1,da86174a-a605-43a4-a5e8-53d484152cd3,47.590833,8.841667,,,559,0,,,12.07.20 12:57,12,7,2020,8971274,8971274,HUMAN_OBSERVATION,,,,,,,CC_BY_4_0,,,,,25.11.22 00:55,,COORDINATE_ROUNDED;COUNTRY_DERIVED_FROM_COORDINATES
3952630903,14d5676a-2c54-4f94-9023-1e8dcd822aa0,q-10176975891,Plantae,Tracheophyta,Magnoliopsida,Lamiales,Lamiaceae,Melittis,Melittis melissophyllum,,SPECIES,Melittis melissophyllum L.,Melittis melissophyllum L.,L.,CH,,,PRESENT,1,da86174a-a605-43a4-a5e8-53d484152cd3,47.585873,8.845543,31,,544.03,0,,,26.05.20 08:25,26,5,2020,8105693,8105693,HUMAN_OBSERVATION,,,,,,,CC_BY_4_0,,,,,25.11.22 00:59,,COORDINATE_ROUNDED;COUNTRY_DERIVED_FROM_COORDINATES
3952624578,14d5676a-2c54-4f94-9023-1e8dcd822aa0,q-10104833089,Plantae,Tracheophyta,Magnoliopsida,Lamiales,Verbenaceae,Verbena,Verbena officinalis,,SPECIES,Verbena officinalis L.,Verbena officinalis L.,L.,CH,,,PRESENT,1,da86174a-a605-43a4-a5e8-53d484152cd3,47.5825,8.829444,,,470,0,,,22.08.19 17:12,22,8,2019,2925529,2925529,HUMAN_OBSERVATION,,,,,,,CC_BY_4_0,,,,,25.11.22 00:55,,COORDINATE_ROUNDED;COUNTRY_DERIVED_FROM_COORDINATES
3952599898,14d5676a-2c54-4f94-9023-1e8dcd822aa0,q-10554409863,Plantae,Tracheophyta,Magnoliopsida,Lamiales,Lamiaceae,Ajuga,Ajuga reptans,,SPECIES,Ajuga reptans L.,Ajuga reptans L.,L.,CH,,,PRESENT,1,da86174a-a605-43a4-a5e8-53d484152cd3,47.585143,8.851883,12,,520,0,,,15.04.22 13:37,15,4,2022,2927078,2927078,HUMAN_OBSERVATION,,,,,,,CC_BY_4_0,,,,,25.11.22 01:05,,COORDINATE_ROUNDED;COUNTRY_DERIVED_FROM_COORDINATES
3952584545,14d5676a-2c54-4f94-9023-1e8dcd822aa0,q-10317670401,Plantae,Tracheophyta,Magnoliopsida,Asterales,Asteraceae,Tussilago,Tussilago farfara,,SPECIES,Tussilago farfara L.,Tussilago farfara L.,L.,CH,,,PRESENT,1,da86174a-a605-43a4-a5e8-53d484152cd3,47.577873,8.835845,4,,437.88,0,,,02.04.21 10:13,2,4,2021,3149879,3149879,HUMAN_OBSERVATION,,,,,,,CC_BY_4_0,,,,,25.11.22 00:57,,COORDINATE_ROUNDED;COUNTRY_DERIVED_FROM_COORDINATES
3952542084,14d5676a-2c54-4f94-9023-1e8dcd822aa0,q-10314881945,Plantae,Tracheophyta,Magnoliopsida,Ranunculales,Ranunculaceae,Hepatica,Hepatica nobilis,,SPECIES,Hepatica nobilis Mill.,Hepatica nobilis Mill.,Mill.,CH,,,PRESENT,1,da86174a-a605-43a4-a5e8-53d484152cd3,47.586104,8.846087,8,,489.12,0,,,28.03.21 12:30,28,3,2021,8098050,5371699,HUMAN_OBSERVATION,,,,,,,CC_BY_4_0,,,,,25.11.22 00:57,,COORDINATE_ROUNDED;COUNTRY_DERIVED_FROM_COORDINATES
3952485966,14d5676a-2c54-4f94-9023-1e8dcd822aa0,q-10309246656,Plantae,Tracheophyta,Magnoliopsida,Boraginales,Boraginaceae,Pulmonaria,Pulmonaria obscura,,SPECIES,Pulmonaria obscura Dumort.,Pulmonaria obscura Dumort.,Dumort.,CH,,,PRESENT,1,da86174a-a605-43a4-a5e8-53d484152cd3,47.586292,8.842642,5,,486.96,0,,,14.03.21 19:30,14,3,2021,5439925,5439925,HUMAN_OBSERVATION,,,,,,,CC_BY_4_0,,,,,25.11.22 00:57,,COORDINATE_ROUNDED;COUNTRY_DERIVED_FROM_COORDINATES
3952370812,14d5676a-2c54-4f94-9023-1e8dcd822aa0,q-10151557256,Plantae,Tracheophyta,Magnoliopsida,Fabales,Fabaceae,Vicia,Vicia sepium,,SPECIES,Vicia sepium L.,Vicia sepium L.,L.,CH,,,PRESENT,1,da86174a-a605-43a4-a5e8-53d484152cd3,47.587767,8.831063,16,,553.98,0,,,25.04.20 07:54,25,4,2020,2974786,2974786,HUMAN_OBSERVATION,,,,,,,CC_BY_4_0,,,,,25.11.22 00:40,,COORDINATE_ROUNDED;COUNTRY_DERIVED_FROM_COORDINATES
3952301908,14d5676a-2c54-4f94-9023-1e8dcd822aa0,q-10658379470,Plantae,Tracheophyta,Magnoliopsida,Caryophyllales,Amaranthaceae,Beta,Beta vulgaris,,SPECIES,Beta vulgaris L.,Beta vulgaris L.,L.,CH,,,PRESENT,1,da86174a-a605-43a4-a5e8-53d484152cd3,47.600078,8.827947,5,,486.36,0,,,26.07.22 09:42,26,7,2022,8971274,8971274,HUMAN_OBSERVATION,,,,,,,CC_BY_4_0,,,,,25.11.22 00:51,,COORDINATE_ROUNDED;COUNTRY_DERIVED_FROM_COORDINATES
3952097079,14d5676a-2c54-4f94-9023-1e8dcd822aa0,q-10198273819,Plantae,Tracheophyta,Magnoliopsida,Caryophyllales,Caryophyllaceae,Agrostemma,Agrostemma githago,,SPECIES,Agrostemma githago L.,Agrostemma githago L.,L.,CH,,,PRESENT,1,da86174a-a605-43a4-a5e8-53d484152cd3,47.587563,8.841558,50,,467.84,0,,,20.06.20 11:42,20,6,2020,3085368,3085368,HUMAN_OBSERVATION,,,,,,,CC_BY_4_0,,,,,25.11.22 00:41,,COORDINATE_ROUNDED;COUNTRY_DERIVED_FROM_COORDINATES
3951670371,14d5676a-2c54-4f94-9023-1e8dcd822aa0,q-10026205697,Plantae,Tracheophyta,Magnoliopsida,Malpighiales,Euphorbiaceae,Euphorbia,Euphorbia cyparissias,,SPECIES,Euphorbia cyparissias L.,Euphorbia cyparissias L.,L.,CH,,,PRESENT,1,da86174a-a605-43a4-a5e8-53d484152cd3,47.584936,8.839781,11,,,,,,29.04.18 16:18,29,4,2018,3070106,3070106,HUMAN_OBSERVATION,,,,,,,CC_BY_4_0,,,,,25.11.22 00:53,,COORDINATE_ROUNDED;COUNTRY_DERIVED_FROM_COORDINATES
3951621266,14d5676a-2c54-4f94-9023-1e8dcd822aa0,q-10062166392,Plantae,Tracheophyta,Magnoliopsida,Aquifoliales,Aquifoliaceae,Ilex,Ilex aquifolium,,SPECIES,Ilex aquifolium L.,Ilex aquifolium L.,L.,CH,,,PRESENT,1,da86174a-a605-43a4-a5e8-53d484152cd3,47.586855,8.848913,,,,,,,24.02.19 11:35,24,2,2019,5414222,5414222,HUMAN_OBSERVATION,,,,,,,CC_BY_4_0,,,,,25.11.22 00:51,,COORDINATE_ROUNDED;COUNTRY_DERIVED_FROM_COORDINATES
3951539004,14d5676a-2c54-4f94-9023-1e8dcd822aa0,q-10015778577,Plantae,Tracheophyta,Magnoliopsida,Asterales,Asteraceae,Cirsium,Cirsium arvense,,SPECIES,Cirsium arvense (L.) Scop.,Cirsium arvense (L.) Scop.,(L.) Scop.,CH,,,PRESENT,1,da86174a-a605-43a4-a5e8-53d484152cd3,47.585681,8.843168,6,,,,,,26.06.17 18:50,26,6,2017,3113414,3113414,HUMAN_OBSERVATION,,,,,,,CC_BY_4_0,,,,,25.11.22 00:37,,COORDINATE_ROUNDED;COUNTRY_DERIVED_FROM_COORDINATES
3949904895,7a3679ef-5582-4aaa-81f0-8c2545cafc81,o-1013658667,Plantae,Tracheophyta,Magnoliopsida,Fagales,Fagaceae,Fagus,Fagus sylvatica,,SPECIES,Fagus sylvatica L.,Fagus sylvatica L.,L.,CH,,,PRESENT,1,da86174a-a605-43a4-a5e8-53d484152cd3,47.585869,8.845368,17,,550.91,0,,,26.05.22 12:00,26,5,2022,2882316,2882316,HUMAN_OBSERVATION,,,,,,,CC_BY_4_0,,,,,25.11.22 07:36,StillImage,COORDINATE_ROUNDED;COUNTRY_DERIVED_FROM_COORDINATES
3949706609,7a3679ef-5582-4aaa-81f0-8c2545cafc81,o-1010348670,Plantae,Tracheophyta,Magnoliopsida,Rosales,Rosaceae,Crataegus,Crataegus monogyna,,SPECIES,Crataegus monogyna Jacq.,Crataegus monogyna Jacq.,Jacq.,CH,,,PRESENT,1,da86174a-a605-43a4-a5e8-53d484152cd3,47.584995,8.851362,11,,431.9,0,,,08.05.21 14:42,8,5,2021,9220780,9220780,HUMAN_OBSERVATION,,,,,,,CC_BY_4_0,,,,,25.11.22 07:39,StillImage,COORDINATE_ROUNDED;COUNTRY_DERIVED_FROM_COORDINATES
3949550605,7a3679ef-5582-4aaa-81f0-8c2545cafc81,o-1009147974,Plantae,Tracheophyta,Magnoliopsida,Boraginales,Hydrophyllaceae,Phacelia,Phacelia tanacetifolia,,SPECIES,Phacelia tanacetifolia Benth.,Phacelia tanacetifolia Benth.,Benth.,CH,,,PRESENT,1,da86174a-a605-43a4-a5e8-53d484152cd3,47.579518,8.845091,48,,362.22,0,,,12.11.20 13:42,12,11,2020,2928226,2928226,HUMAN_OBSERVATION,,,,,,,CC_BY_4_0,,,,,25.11.22 07:39,StillImage,COORDINATE_ROUNDED;COUNTRY_DERIVED_FROM_COORDINATES
3949310639,7a3679ef-5582-4aaa-81f0-8c2545cafc81,o-1010761921,Plantae,Tracheophyta,Magnoliopsida,Boraginales,Hydrophyllaceae,Phacelia,Phacelia tanacetifolia,,SPECIES,Phacelia tanacetifolia Benth.,Phacelia tanacetifolia Benth.,Benth.,CH,,,PRESENT,1,da86174a-a605-43a4-a5e8-53d484152cd3,47.580162,8.836822,5,,395.39,0,,,30.05.21 11:07,30,5,2021,2928226,2928226,HUMAN_OBSERVATION,,,,,,,CC_BY_4_0,,,,,25.11.22 07:34,StillImage,COORDINATE_ROUNDED;COUNTRY_DERIVED_FROM_COORDINATES
3949139473,7a3679ef-5582-4aaa-81f0-8c2545cafc81,o-1010348527,Plantae,Tracheophyta,Magnoliopsida,Gentianales,Rubiaceae,Galium,Galium odoratum,,SPECIES,Galium odoratum (L.) Scop.,Galium odoratum (L.) Scop.,(L.) Scop.,CH,,,PRESENT,1,da86174a-a605-43a4-a5e8-53d484152cd3,47.585303,8.851187,8,,486.4,0,,,08.05.21 14:37,8,5,2021,2914642,2914642,HUMAN_OBSERVATION,,,,,,,CC_BY_4_0,,,,,25.11.22 07:39,StillImage,COORDINATE_ROUNDED;COUNTRY_DERIVED_FROM_COORDINATES
3949139472,7a3679ef-5582-4aaa-81f0-8c2545cafc81,o-1010348439,Plantae,Tracheophyta,Magnoliopsida,Asterales,Campanulaceae,Phyteuma,Phyteuma spicatum,,SPECIES,Phyteuma spicatum L.,Phyteuma spicatum L.,L.,CH,,,PRESENT,1,da86174a-a605-43a4-a5e8-53d484152cd3,47.586138,8.849875,13,,490.9,0,,,08.05.21 14:33,8,5,2021,3166841,3166841,HUMAN_OBSERVATION,,,,,,,CC_BY_4_0,,,,,25.11.22 07:39,StillImage,COORDINATE_ROUNDED;COUNTRY_DERIVED_FROM_COORDINATES
3949138462,7a3679ef-5582-4aaa-81f0-8c2545cafc81,o-1010347919,Plantae,Tracheophyta,Liliopsida,Liliales,Liliaceae,Lilium,Lilium martagon,,SPECIES,Lilium martagon L.,Lilium martagon L.,L.,CH,,,PRESENT,1,da86174a-a605-43a4-a5e8-53d484152cd3,47.586057,8.84379,6,,480.2,0,,,08.05.21 14:10,8,5,2021,2753146,2753146,HUMAN_OBSERVATION,,,,,,,CC_BY_4_0,,,,,25.11.22 07:40,StillImage,COORDINATE_ROUNDED;COUNTRY_DERIVED_FROM_COORDINATES
3409849167,83fdfd3d-3a25-4705-9fbe-3db1d1892b13,INFOFLORA-TRAC-10522489,Plantae,Tracheophyta,Magnoliopsida,Caryophyllales,Polygonaceae,Reynoutria,Reynoutria japonica,,SPECIES,Reynoutria japonica Houtt.,Reynoutria japonica Houtt.,Houtt.,CH,,Tg,PRESENT,,64ee55c9-570a-42af-b7da-3f13c6b4e5a9,47.57921,8.82194,7,,378,,,,29.06.21 00:00,29,6,2021,2889173,2889173,HUMAN_OBSERVATION,,,INFOFLORA-TRAC-10522489,,,,CC_BY_4_0,Info Flora,,,,25.11.22 08:18,,
3409830561,83fdfd3d-3a25-4705-9fbe-3db1d1892b13,INFOFLORA-TRAC-10522469,Plantae,Tracheophyta,Magnoliopsida,Caryophyllales,Polygonaceae,Reynoutria,Reynoutria japonica,,SPECIES,Reynoutria japonica Houtt.,Reynoutria japonica Houtt.,Houtt.,CH,,Tg,PRESENT,,64ee55c9-570a-42af-b7da-3f13c6b4e5a9,47.57802,8.84493,7,,383,,,,01.07.21 00:00,1,7,2021,2889173,2889173,HUMAN_OBSERVATION,,,INFOFLORA-TRAC-10522469,,,,CC_BY_4_0,Info Flora,,,,25.11.22 08:17,,
3409798644,83fdfd3d-3a25-4705-9fbe-3db1d1892b13,INFOFLORA-TRAC-10522529,Plantae,Tracheophyta,Magnoliopsida,Caryophyllales,Polygonaceae,Reynoutria,Reynoutria japonica,,SPECIES,Reynoutria japonica Houtt.,Reynoutria japonica Houtt.,Houtt.,CH,,Tg,PRESENT,,64ee55c9-570a-42af-b7da-3f13c6b4e5a9,47.57802,8.84493,7,,383,,,,01.07.21 00:00,1,7,2021,2889173,2889173,HUMAN_OBSERVATION,,,INFOFLORA-TRAC-10522529,,,,CC_BY_4_0,Info Flora,,,,25.11.22 08:18,,
3409798642,83fdfd3d-3a25-4705-9fbe-3db1d1892b13,INFOFLORA-TRAC-10522466,Plantae,Tracheophyta,Magnoliopsida,Caryophyllales,Polygonaceae,Reynoutria,Reynoutria japonica,,SPECIES,Reynoutria japonica Houtt.,Reynoutria japonica Houtt.,Houtt.,CH,,Tg,PRESENT,,64ee55c9-570a-42af-b7da-3f13c6b4e5a9,47.57847,8.84061,7,,380,,,,01.07.21 00:00,1,7,2021,2889173,2889173,HUMAN_OBSERVATION,,,INFOFLORA-TRAC-10522466,,,,CC_BY_4_0,Info Flora,,,,25.11.22 08:18,,
3409776401,83fdfd3d-3a25-4705-9fbe-3db1d1892b13,INFOFLORA-TRAC-10522428,Plantae,Tracheophyta,Magnoliopsida,Caryophyllales,Polygonaceae,Reynoutria,Reynoutria japonica,,SPECIES,Reynoutria japonica Houtt.,Reynoutria japonica Houtt.,Houtt.,CH,,Tg,PRESENT,,64ee55c9-570a-42af-b7da-3f13c6b4e5a9,47.57812,8.82832,7,,379,,,,29.06.21 00:00,29,6,2021,2889173,2889173,HUMAN_OBSERVATION,,,INFOFLORA-TRAC-10522428,,,,CC_BY_4_0,Info Flora,,,,25.11.22 08:17,,
3409769559,83fdfd3d-3a25-4705-9fbe-3db1d1892b13,INFOFLORA-TRAC-10522429,Plantae,Tracheophyta,Magnoliopsida,Caryophyllales,Polygonaceae,Reynoutria,Reynoutria japonica,,SPECIES,Reynoutria japonica Houtt.,Reynoutria japonica Houtt.,Houtt.,CH,,Tg,PRESENT,,64ee55c9-570a-42af-b7da-3f13c6b4e5a9,47.57817,8.82965,7,,379.5,0.5,,,30.06.21 00:00,30,6,2021,2889173,2889173,HUMAN_OBSERVATION,,,INFOFLORA-TRAC-10522429,,,,CC_BY_4_0,Info Flora,,,,25.11.22 08:17,,
3409768224,83fdfd3d-3a25-4705-9fbe-3db1d1892b13,INFOFLORA-TRAC-10522526,Plantae,Tracheophyta,Magnoliopsida,Caryophyllales,Polygonaceae,Reynoutria,Reynoutria japonica,,SPECIES,Reynoutria japonica Houtt.,Reynoutria japonica Houtt.,Houtt.,CH,,Tg,PRESENT,,64ee55c9-570a-42af-b7da-3f13c6b4e5a9,47.57847,8.84061,7,,380,,,,01.07.21 00:00,1,7,2021,2889173,2889173,HUMAN_OBSERVATION,,,INFOFLORA-TRAC-10522526,,,,CC_BY_4_0,Info Flora,,,,25.11.22 08:18,,
3409768221,83fdfd3d-3a25-4705-9fbe-3db1d1892b13,INFOFLORA-TRAC-10522463,Plantae,Tracheophyta,Magnoliopsida,Caryophyllales,Polygonaceae,Reynoutria,Reynoutria japonica,,SPECIES,Reynoutria japonica Houtt.,Reynoutria japonica Houtt.,Houtt.,CH,,Tg,PRESENT,,64ee55c9-570a-42af-b7da-3f13c6b4e5a9,47.57855,8.83955,7,,380,,,,01.07.21 00:00,1,7,2021,2889173,2889173,HUMAN_OBSERVATION,,,INFOFLORA-TRAC-10522463,,,,CC_BY_4_0,Info Flora,,,,25.11.22 08:18,,
3409768220,83fdfd3d-3a25-4705-9fbe-3db1d1892b13,INFOFLORA-TRAC-10522445,Plantae,Tracheophyta,Magnoliopsida,Caryophyllales,Polygonaceae,Reynoutria,Reynoutria japonica,,SPECIES,Reynoutria japonica Houtt.,Reynoutria japonica Houtt.,Houtt.,CH,,Tg,PRESENT,,64ee55c9-570a-42af-b7da-3f13c6b4e5a9,47.57856,8.83671,7,,380,,,,01.07.21 00:00,1,7,2021,2889173,2889173,HUMAN_OBSERVATION,,,INFOFLORA-TRAC-10522445,,,,CC_BY_4_0,Info Flora,,,,25.11.22 08:18,,
3409768219,83fdfd3d-3a25-4705-9fbe-3db1d1892b13,INFOFLORA-TRAC-10522427,Plantae,Tracheophyta,Magnoliopsida,Caryophyllales,Polygonaceae,Reynoutria,Reynoutria japonica,,SPECIES,Reynoutria japonica Houtt.,Reynoutria japonica Houtt.,Houtt.,CH,,Tg,PRESENT,,64ee55c9-570a-42af-b7da-3f13c6b4e5a9,47.57921,8.82194,7,,378,,,,29.06.21 00:00,29,6,2021,2889173,2889173,HUMAN_OBSERVATION,,,INFOFLORA-TRAC-10522427,,,,CC_BY_4_0,Info Flora,,,,25.11.22 08:18,,
3409750328,83fdfd3d-3a25-4705-9fbe-3db1d1892b13,INFOFLORA-TRAC-10522523,Plantae,Tracheophyta,Magnoliopsida,Caryophyllales,Polygonaceae,Reynoutria,Reynoutria japonica,,SPECIES,Reynoutria japonica Houtt.,Reynoutria japonica Houtt.,Houtt.,CH,,Tg,PRESENT,,64ee55c9-570a-42af-b7da-3f13c6b4e5a9,47.57855,8.83955,7,,380,,,,01.07.21 00:00,1,7,2021,2889173,2889173,HUMAN_OBSERVATION,,,INFOFLORA-TRAC-10522523,,,,CC_BY_4_0,Info Flora,,,,25.11.22 08:17,,
3409750327,83fdfd3d-3a25-4705-9fbe-3db1d1892b13,INFOFLORA-TRAC-10522505,Plantae,Tracheophyta,Magnoliopsida,Caryophyllales,Polygonaceae,Reynoutria,Reynoutria japonica,,SPECIES,Reynoutria japonica Houtt.,Reynoutria japonica Houtt.,Houtt.,CH,,Tg,PRESENT,,64ee55c9-570a-42af-b7da-3f13c6b4e5a9,47.57849,8.83587,7,,380,,,,30.06.21 00:00,30,6,2021,2889173,2889173,HUMAN_OBSERVATION,,,INFOFLORA-TRAC-10522505,,,,CC_BY_4_0,Info Flora,,,,25.11.22 08:17,,
3409750325,83fdfd3d-3a25-4705-9fbe-3db1d1892b13,INFOFLORA-TRAC-10522442,Plantae,Tracheophyta,Magnoliopsida,Caryophyllales,Polygonaceae,Reynoutria,Reynoutria japonica,,SPECIES,Reynoutria japonica Houtt.,Reynoutria japonica Houtt.,Houtt.,CH,,Tg,PRESENT,,64ee55c9-570a-42af-b7da-3f13c6b4e5a9,47.57839,8.83439,7,,380,,,,30.06.21 00:00,30,6,2021,2889173,2889173,HUMAN_OBSERVATION,,,INFOFLORA-TRAC-10522442,,,,CC_BY_4_0,Info Flora,,,,25.11.22 08:17,,
3409746669,83fdfd3d-3a25-4705-9fbe-3db1d1892b13,INFOFLORA-TRAC-10522506,Plantae,Tracheophyta,Magnoliopsida,Caryophyllales,Polygonaceae,Reynoutria,Reynoutria japonica,,SPECIES,Reynoutria japonica Houtt.,Reynoutria japonica Houtt.,Houtt.,CH,,Tg,PRESENT,,64ee55c9-570a-42af-b7da-3f13c6b4e5a9,47.57856,8.83671,7,,380,,,,01.07.21 00:00,1,7,2021,2889173,2889173,HUMAN_OBSERVATION,,,INFOFLORA-TRAC-10522506,,,,CC_BY_4_0,Info Flora,,,,25.11.22 08:17,,
3409746667,83fdfd3d-3a25-4705-9fbe-3db1d1892b13,INFOFLORA-TRAC-10522443,Plantae,Tracheophyta,Magnoliopsida,Caryophyllales,Polygonaceae,Reynoutria,Reynoutria japonica,,SPECIES,Reynoutria japonica Houtt.,Reynoutria japonica Houtt.,Houtt.,CH,,Tg,PRESENT,,64ee55c9-570a-42af-b7da-3f13c6b4e5a9,47.57842,8.83459,7,,380,,,,30.06.21 00:00,30,6,2021,2889173,2889173,HUMAN_OBSERVATION,,,INFOFLORA-TRAC-10522443,,,,CC_BY_4_0,Info Flora,,,,25.11.22 08:17,,
3409743022,83fdfd3d-3a25-4705-9fbe-3db1d1892b13,INFOFLORA-TRAC-10522504,Plantae,Tracheophyta,Magnoliopsida,Caryophyllales,Polygonaceae,Reynoutria,Reynoutria japonica,,SPECIES,Reynoutria japonica Houtt.,Reynoutria japonica Houtt.,Houtt.,CH,,Tg,PRESENT,,64ee55c9-570a-42af-b7da-3f13c6b4e5a9,47.57842,8.83459,7,,380,,,,30.06.21 00:00,30,6,2021,2889173,2889173,HUMAN_OBSERVATION,,,INFOFLORA-TRAC-10522504,,,,CC_BY_4_0,Info Flora,,,,25.11.22 08:18,,
3409739950,83fdfd3d-3a25-4705-9fbe-3db1d1892b13,INFOFLORA-TRAC-10522444,Plantae,Tracheophyta,Magnoliopsida,Caryophyllales,Polygonaceae,Reynoutria,Reynoutria japonica,,SPECIES,Reynoutria japonica Houtt.,Reynoutria japonica Houtt.,Houtt.,CH,,Tg,PRESENT,,64ee55c9-570a-42af-b7da-3f13c6b4e5a9,47.57849,8.83587,7,,380,,,,30.06.21 00:00,30,6,2021,2889173,2889173,HUMAN_OBSERVATION,,,INFOFLORA-TRAC-10522444,,,,CC_BY_4_0,Info Flora,,,,25.11.22 08:17,,
3409728739,83fdfd3d-3a25-4705-9fbe-3db1d1892b13,INFOFLORA-TRAC-10522503,Plantae,Tracheophyta,Magnoliopsida,Caryophyllales,Polygonaceae,Reynoutria,Reynoutria japonica,,SPECIES,Reynoutria japonica Houtt.,Reynoutria japonica Houtt.,Houtt.,CH,,Tg,PRESENT,,64ee55c9-570a-42af-b7da-3f13c6b4e5a9,47.57839,8.83439,7,,380,,,,30.06.21 00:00,30,6,2021,2889173,2889173,HUMAN_OBSERVATION,,,INFOFLORA-TRAC-10522503,,,,CC_BY_4_0,Info Flora,,,,25.11.22 08:18,,
3409630144,83fdfd3d-3a25-4705-9fbe-3db1d1892b13,INFOFLORA-TRAC-10522498,Plantae,Tracheophyta,Magnoliopsida,Caryophyllales,Polygonaceae,Reynoutria,Reynoutria japonica,,SPECIES,Reynoutria japonica Houtt.,Reynoutria japonica Houtt.,Houtt.,CH,,Tg,PRESENT,,64ee55c9-570a-42af-b7da-3f13c6b4e5a9,47.57827,8.83138,7,,380,,,,30.06.21 00:00,30,6,2021,2889173,2889173,HUMAN_OBSERVATION,,,INFOFLORA-TRAC-10522498,,,,CC_BY_4_0,Info Flora,,,,25.11.22 08:17,,
3409563529,83fdfd3d-3a25-4705-9fbe-3db1d1892b13,INFOFLORA-TRAC-10522456,Plantae,Tracheophyta,Magnoliopsida,Caryophyllales,Polygonaceae,Reynoutria,Reynoutria japonica,,SPECIES,Reynoutria japonica Houtt.,Reynoutria japonica Houtt.,Houtt.,CH,,Tg,PRESENT,,64ee55c9-570a-42af-b7da-3f13c6b4e5a9,47.57856,8.83938,7,,380,,,,01.07.21 00:00,1,7,2021,2889173,2889173,HUMAN_OBSERVATION,,,INFOFLORA-TRAC-10522456,,,,CC_BY_4_0,Info Flora,,,,25.11.22 08:17,,
3409553619,83fdfd3d-3a25-4705-9fbe-3db1d1892b13,INFOFLORA-TRAC-10522495,Plantae,Tracheophyta,Magnoliopsida,Caryophyllales,Polygonaceae,Reynoutria,Reynoutria japonica,,SPECIES,Reynoutria japonica Houtt.,Reynoutria japonica Houtt.,Houtt.,CH,,Tg,PRESENT,,64ee55c9-570a-42af-b7da-3f13c6b4e5a9,47.57835,8.83367,7,,380,,,,30.06.21 00:00,30,6,2021,2889173,2889173,HUMAN_OBSERVATION,,,INFOFLORA-TRAC-10522495,,,,CC_BY_4_0,Info Flora,,,,25.11.22 08:17,,
3409550405,83fdfd3d-3a25-4705-9fbe-3db1d1892b13,INFOFLORA-TRAC-10522491,Plantae,Tracheophyta,Magnoliopsida,Caryophyllales,Polygonaceae,Reynoutria,Reynoutria japonica,,SPECIES,Reynoutria japonica Houtt.,Reynoutria japonica Houtt.,Houtt.,CH,,Tg,PRESENT,,64ee55c9-570a-42af-b7da-3f13c6b4e5a9,47.57817,8.82965,7,,379.5,0.5,,,30.06.21 00:00,30,6,2021,2889173,2889173,HUMAN_OBSERVATION,,,INFOFLORA-TRAC-10522491,,,,CC_BY_4_0,Info Flora,,,,25.11.22 08:17,,
3409536199,83fdfd3d-3a25-4705-9fbe-3db1d1892b13,INFOFLORA-TRAC-10522517,Plantae,Tracheophyta,Magnoliopsida,Caryophyllales,Polygonaceae,Reynoutria,Reynoutria japonica,,SPECIES,Reynoutria japonica Houtt.,Reynoutria japonica Houtt.,Houtt.,CH,,Tg,PRESENT,,64ee55c9-570a-42af-b7da-3f13c6b4e5a9,47.57856,8.83938,7,,380,,,,01.07.21 00:00,1,7,2021,2889173,2889173,HUMAN_OBSERVATION,,,INFOFLORA-TRAC-10522517,,,,CC_BY_4_0,Info Flora,,,,25.11.22 08:17,,
3409536198,83fdfd3d-3a25-4705-9fbe-3db1d1892b13,INFOFLORA-TRAC-10522490,Plantae,Tracheophyta,Magnoliopsida,Caryophyllales,Polygonaceae,Reynoutria,Reynoutria japonica,,SPECIES,Reynoutria japonica Houtt.,Reynoutria japonica Houtt.,Houtt.,CH,,Tg,PRESENT,,64ee55c9-570a-42af-b7da-3f13c6b4e5a9,47.57812,8.82832,7,,379,,,,29.06.21 00:00,29,6,2021,2889173,2889173,HUMAN_OBSERVATION,,,INFOFLORA-TRAC-10522490,,,,CC_BY_4_0,Info Flora,,,,25.11.22 08:17,,
3409536195,83fdfd3d-3a25-4705-9fbe-3db1d1892b13,INFOFLORA-TRAC-10522436,Plantae,Tracheophyta,Magnoliopsida,Caryophyllales,Polygonaceae,Reynoutria,Reynoutria japonica,,SPECIES,Reynoutria japonica Houtt.,Reynoutria japonica Houtt.,Houtt.,CH,,Tg,PRESENT,,64ee55c9-570a-42af-b7da-3f13c6b4e5a9,47.57827,8.83138,7,,380,,,,30.06.21 00:00,30,6,2021,2889173,2889173,HUMAN_OBSERVATION,,,INFOFLORA-TRAC-10522436,,,,CC_BY_4_0,Info Flora,,,,25.11.22 08:17,,
3409516354,83fdfd3d-3a25-4705-9fbe-3db1d1892b13,INFOFLORA-TRAC-10522433,Plantae,Tracheophyta,Magnoliopsida,Caryophyllales,Polygonaceae,Reynoutria,Reynoutria japonica,,SPECIES,Reynoutria japonica Houtt.,Reynoutria japonica Houtt.,Houtt.,CH,,Tg,PRESENT,,64ee55c9-570a-42af-b7da-3f13c6b4e5a9,47.57835,8.83367,7,,380,,,,30.06.21 00:00,30,6,2021,2889173,2889173,HUMAN_OBSERVATION,,,INFOFLORA-TRAC-10522433,,,,CC_BY_4_0,Info Flora,,,,25.11.22 08:17,,
3408241868,50c9509d-22c7-4a22-a47d-8c48425ef4a7,https://www.inaturalist.org/observations/99870388,Plantae,Tracheophyta,Magnoliopsida,Asterales,Asteraceae,Solidago,Solidago gigantea,,SPECIES,Solidago gigantea Aiton,Solidago gigantea,,CH,,Thurgau,PRESENT,,28eb1a3f-1c15-4a95-931a-4af90ecb574d,47.577008,8.844742,15,,,,,,31.10.21 12:21,31,10,2021,5389017,5389017,HUMAN_OBSERVATION,iNaturalist,Observations,99870388,,bgirardot,31.10.21 12:52,CC0_1_0,bgirardot,bgirardot,,,09.12.22 21:34,StillImage,COORDINATE_ROUNDED
3112119861,83fdfd3d-3a25-4705-9fbe-3db1d1892b13,INFOFLORA-TRAC-10100101,Plantae,Tracheophyta,Magnoliopsida,Caryophyllales,Polygonaceae,Reynoutria,Reynoutria japonica,,SPECIES,Reynoutria japonica Houtt.,Reynoutria japonica Houtt.,Houtt.,CH,,Tg,PRESENT,,64ee55c9-570a-42af-b7da-3f13c6b4e5a9,47.57833,8.82588,7,,379,,,,15.05.20 00:00,15,5,2020,2889173,2889173,HUMAN_OBSERVATION,,,INFOFLORA-TRAC-10100101,,,,CC_BY_4_0,Info Flora,,,,25.11.22 08:18,,
3112115004,83fdfd3d-3a25-4705-9fbe-3db1d1892b13,INFOFLORA-TRAC-10100100,Plantae,Tracheophyta,Magnoliopsida,Caryophyllales,Polygonaceae,Reynoutria,Reynoutria japonica,,SPECIES,Reynoutria japonica Houtt.,Reynoutria japonica Houtt.,Houtt.,CH,,Tg,PRESENT,,64ee55c9-570a-42af-b7da-3f13c6b4e5a9,47.57842,8.82543,7,,378.5,0.5,,,15.05.20 00:00,15,5,2020,2889173,2889173,HUMAN_OBSERVATION,,,INFOFLORA-TRAC-10100100,,,,CC_BY_4_0,Info Flora,,,,25.11.22 08:18,,
2977906290,14d5676a-2c54-4f94-9023-1e8dcd822aa0,q-10248948102,Plantae,Tracheophyta,Magnoliopsida,Ericales,Balsaminaceae,Impatiens,Impatiens glandulifera,,SPECIES,Impatiens glandulifera Royle,Impatiens glandulifera Royle,Royle,CH,,,PRESENT,1,da86174a-a605-43a4-a5e8-53d484152cd3,47.593293,8.829094,8,,485.56,0,,,05.09.20 11:40,5,9,2020,2891770,2891770,HUMAN_OBSERVATION,,,,,,,CC_BY_4_0,,,,,25.11.22 00:42,,COORDINATE_ROUNDED;COUNTRY_DERIVED_FROM_COORDINATES
2977596726,14d5676a-2c54-4f94-9023-1e8dcd822aa0,q-10152555962,Plantae,Tracheophyta,Magnoliopsida,Lamiales,Lamiaceae,Lamium,Lamium galeobdolon,,SPECIES,Lamium galeobdolon (L.) L.,Lamium galeobdolon (L.) L.,(L.) L.,CH,,,PRESENT,1,da86174a-a605-43a4-a5e8-53d484152cd3,47.586512,8.828557,21,,397.18,0,,,26.04.20 10:36,26,4,2020,2927324,2927324,HUMAN_OBSERVATION,,,,,,,CC_BY_4_0,,,,,25.11.22 00:40,,COORDINATE_ROUNDED;COUNTRY_DERIVED_FROM_COORDINATES
2977327886,14d5676a-2c54-4f94-9023-1e8dcd822aa0,q-10195208983,Plantae,Tracheophyta,Magnoliopsida,Brassicales,Resedaceae,Reseda,Reseda lutea,,SPECIES,Reseda lutea L.,Reseda lutea L.,L.,CH,,,PRESENT,1,da86174a-a605-43a4-a5e8-53d484152cd3,47.585855,8.820293,,,509,0,,,16.06.20 08:18,16,6,2020,3040252,3040252,HUMAN_OBSERVATION,,,,,,,CC_BY_4_0,,,,,25.11.22 00:54,,COORDINATE_ROUNDED;COUNTRY_DERIVED_FROM_COORDINATES
2976882130,14d5676a-2c54-4f94-9023-1e8dcd822aa0,q-10196965679,Plantae,Tracheophyta,Magnoliopsida,Lamiales,Scrophulariaceae,Verbascum,Verbascum lychnitis,,SPECIES,Verbascum lychnitis L.,Verbascum lychnitis L.,L.,CH,,,PRESENT,1,da86174a-a605-43a4-a5e8-53d484152cd3,47.588971,8.818427,5,,499.58,0,,,18.06.20 15:26,18,6,2020,3171947,3171947,HUMAN_OBSERVATION,,,,,,,CC_BY_4_0,,,,,25.11.22 00:41,,COORDINATE_ROUNDED;COUNTRY_DERIVED_FROM_COORDINATES
2976819800,14d5676a-2c54-4f94-9023-1e8dcd822aa0,q-10152478666,Plantae,Tracheophyta,Magnoliopsida,Lamiales,Lamiaceae,Salvia,Salvia pratensis,,SPECIES,Salvia pratensis L.,Salvia pratensis L.,L.,CH,,,PRESENT,1,da86174a-a605-43a4-a5e8-53d484152cd3,47.587041,8.836965,16,,554.22,0,,,26.04.20 09:33,26,4,2020,2927007,2927007,HUMAN_OBSERVATION,,,,,,,CC_BY_4_0,,,,,25.11.22 00:40,,COORDINATE_ROUNDED;COUNTRY_DERIVED_FROM_COORDINATES
2976696683,14d5676a-2c54-4f94-9023-1e8dcd822aa0,q-10152524326,Plantae,Tracheophyta,Magnoliopsida,Boraginales,Hydrophyllaceae,Phacelia,Phacelia tanacetifolia,,SPECIES,Phacelia tanacetifolia Benth.,Phacelia tanacetifolia Benth.,Benth.,CH,,,PRESENT,1,da86174a-a605-43a4-a5e8-53d484152cd3,47.587488,8.8343,73,,465.29,0,,,26.04.20 10:10,26,4,2020,2928226,2928226,HUMAN_OBSERVATION,,,,,,,CC_BY_4_0,,,,,25.11.22 00:40,,COORDINATE_ROUNDED;COUNTRY_DERIVED_FROM_COORDINATES
2976613245,14d5676a-2c54-4f94-9023-1e8dcd822aa0,q-10257922691,Plantae,Tracheophyta,Magnoliopsida,Lamiales,Lamiaceae,Origanum,Origanum vulgare,,SPECIES,Origanum vulgare L.,Origanum vulgare L.,L.,CH,,,PRESENT,1,da86174a-a605-43a4-a5e8-53d484152cd3,47.58076,8.819389,32,,337.92,0,,,21.09.20 13:08,21,9,2020,2926612,2926612,HUMAN_OBSERVATION,,,,,,,CC_BY_4_0,,,,,25.11.22 00:55,,COORDINATE_ROUNDED;COUNTRY_DERIVED_FROM_COORDINATES
2976371982,14d5676a-2c54-4f94-9023-1e8dcd822aa0,q-10257922328,Plantae,Tracheophyta,Magnoliopsida,Lamiales,Lamiaceae,Origanum,Origanum vulgare,,SPECIES,Origanum vulgare L.,Origanum vulgare L.,L.,CH,,,PRESENT,1,da86174a-a605-43a4-a5e8-53d484152cd3,47.582372,8.819403,77,,339.18,0,,,21.09.20 13:08,21,9,2020,2926612,2926612,HUMAN_OBSERVATION,,,,,,,CC_BY_4_0,,,,,25.11.22 00:42,,COORDINATE_ROUNDED;COUNTRY_DERIVED_FROM_COORDINATES
2975011718,14d5676a-2c54-4f94-9023-1e8dcd822aa0,q-10152510203,Plantae,Tracheophyta,Magnoliopsida,Brassicales,Brassicaceae,Alliaria,Alliaria petiolata,,SPECIES,Alliaria petiolata (M.Bieb.) Cavara & Grande,Alliaria petiolata (M.Bieb.) Cavara & Grande,(M.Bieb.) Cavara & Grande,CH,,,PRESENT,1,da86174a-a605-43a4-a5e8-53d484152cd3,47.585971,8.852843,48,,561.1,0,,,26.04.20 09:59,26,4,2020,5376075,5376075,HUMAN_OBSERVATION,,,,,,,CC_BY_4_0,,,,,25.11.22 00:40,,COORDINATE_ROUNDED;COUNTRY_DERIVED_FROM_COORDINATES
2974378527,7a3679ef-5582-4aaa-81f0-8c2545cafc81,o-1007609086,Plantae,Tracheophyta,Magnoliopsida,Ericales,Balsaminaceae,Impatiens,Impatiens glandulifera,,SPECIES,Impatiens glandulifera Royle,Impatiens glandulifera Royle,Royle,CH,,,PRESENT,1,da86174a-a605-43a4-a5e8-53d484152cd3,47.578056,8.844167,,,437,0,,,04.07.20 11:14,4,7,2020,2891770,2891770,HUMAN_OBSERVATION,,,,,,,CC_BY_4_0,,,,,25.11.22 07:39,StillImage,COORDINATE_ROUNDED;COUNTRY_DERIVED_FROM_COORDINATES
2974043115,83fdfd3d-3a25-4705-9fbe-3db1d1892b13,INFOFLORA-TRAC-6479388,Plantae,Tracheophyta,Magnoliopsida,Ericales,Balsaminaceae,Impatiens,Impatiens glandulifera,,SPECIES,Impatiens glandulifera Royle,Impatiens glandulifera Royle,Royle,CH,,Tg,PRESENT,,64ee55c9-570a-42af-b7da-3f13c6b4e5a9,47.57821,8.84426,50,,383,,,,31.05.97 00:00,31,5,1997,2891770,2891770,HUMAN_OBSERVATION,,,INFOFLORA-TRAC-6479388,,,,CC_BY_4_0,Info Flora,,,,25.11.22 08:17,,
2881118043,83fdfd3d-3a25-4705-9fbe-3db1d1892b13,INFOFLORA-TRAC-7166309,Plantae,Tracheophyta,Magnoliopsida,Vitales,Vitaceae,Parthenocissus,Parthenocissus inserta,,SPECIES,Parthenocissus inserta (A.Kern.) Fritsch,Parthenocissus inserta (A. Kern.) Fritsch,(A. Kern.) Fritsch,CH,,Tg,PRESENT,,64ee55c9-570a-42af-b7da-3f13c6b4e5a9,47.57697,8.83476,5,,380,,,,17.10.18 00:00,17,10,2018,3039203,3039203,HUMAN_OBSERVATION,,,INFOFLORA-TRAC-7166309,,,,CC_BY_4_0,Info Flora,,,,25.11.22 08:16,,
2878415121,83fdfd3d-3a25-4705-9fbe-3db1d1892b13,INFOFLORA-TRAC-7166312,Plantae,Tracheophyta,Magnoliopsida,Fabales,Fabaceae,Robinia,Robinia pseudoacacia,,SPECIES,Robinia pseudoacacia L.,Robinia pseudoacacia L.,L.,CH,,Tg,PRESENT,,64ee55c9-570a-42af-b7da-3f13c6b4e5a9,47.57716,8.84308,8,,382,,,,17.10.18 00:00,17,10,2018,5352251,5352251,HUMAN_OBSERVATION,,,INFOFLORA-TRAC-7166312,,,,CC_BY_4_0,Info Flora,,,,25.11.22 08:18,,
2877612494,83fdfd3d-3a25-4705-9fbe-3db1d1892b13,INFOFLORA-TRAC-4285388,Plantae,Tracheophyta,Magnoliopsida,Ericales,Balsaminaceae,Impatiens,Impatiens glandulifera,,SPECIES,Impatiens glandulifera Royle,Impatiens glandulifera Royle,Royle,CH,,Tg,PRESENT,,64ee55c9-570a-42af-b7da-3f13c6b4e5a9,47.59486,8.82808,707,,498.5,19.5,,,03.05.10 00:00,3,5,2010,2891770,2891770,HUMAN_OBSERVATION,,,INFOFLORA-TRAC-4285388,,,,CC_BY_4_0,Info Flora,,,,25.11.22 08:17,,
2877387316,83fdfd3d-3a25-4705-9fbe-3db1d1892b13,INFOFLORA-TRAC-4285352,Plantae,Tracheophyta,Magnoliopsida,Asterales,Asteraceae,Erigeron,Erigeron annuus,,SPECIES,Erigeron annuus (L.) Desf,Erigeron annuus (L.) Desf.,(L.) Desf.,CH,,Tg,PRESENT,,64ee55c9-570a-42af-b7da-3f13c6b4e5a9,47.59486,8.82808,707,,498.5,19.5,,,03.05.10 00:00,3,5,2010,8392258,3117449,HUMAN_OBSERVATION,,,INFOFLORA-TRAC-4285352,,,,CC_BY_4_0,Info Flora,,,,25.11.22 08:16,,
2649015756,14d5676a-2c54-4f94-9023-1e8dcd822aa0,q-10107866791,Plantae,Tracheophyta,Magnoliopsida,Celastrales,Celastraceae,Euonymus,Euonymus europaeus,,SPECIES,Euonymus europaeus L.,Euonymus europaeus L.,L.,CH,,,PRESENT,1,da86174a-a605-43a4-a5e8-53d484152cd3,47.578056,8.822778,,,459,0,,,04.09.19 09:45,4,9,2019,3169131,3169131,HUMAN_OBSERVATION,,,,,,,CC_BY_4_0,,,,,25.11.22 00:39,,COORDINATE_ROUNDED;COUNTRY_DERIVED_FROM_COORDINATES
2648840924,14d5676a-2c54-4f94-9023-1e8dcd822aa0,q-10088150368,Plantae,Tracheophyta,Magnoliopsida,Geraniales,Geraniaceae,Geranium,Geranium dissectum,,SPECIES,Geranium dissectum L.,Geranium dissectum L.,L.,CH,,,PRESENT,1,da86174a-a605-43a4-a5e8-53d484152cd3,47.587631,8.829841,48,,605.02,0,,,20.06.19 09:12,20,6,2019,2890040,2890040,HUMAN_OBSERVATION,,,,,,,CC_BY_4_0,,,,,25.11.22 00:39,,COORDINATE_ROUNDED;COUNTRY_DERIVED_FROM_COORDINATES
2648654240,14d5676a-2c54-4f94-9023-1e8dcd822aa0,q-10083414091,Plantae,Tracheophyta,Magnoliopsida,Malpighiales,Euphorbiaceae,Euphorbia,Euphorbia helioscopia,,SPECIES,Euphorbia helioscopia L.,Euphorbia helioscopia L.,L.,CH,,,PRESENT,1,da86174a-a605-43a4-a5e8-53d484152cd3,47.584696,8.818875,12,,455,0,,,06.06.19 10:04,6,6,2019,3066367,3066367,HUMAN_OBSERVATION,,,,,,,CC_BY_4_0,,,,,25.11.22 00:38,,COORDINATE_ROUNDED;COUNTRY_DERIVED_FROM_COORDINATES
2647380074,14d5676a-2c54-4f94-9023-1e8dcd822aa0,q-10058399675,Plantae,Tracheophyta,Magnoliopsida,Gentianales,Apocynaceae,Vinca,Vinca minor,,SPECIES,Vinca minor L.,Vinca minor L.,L.,CH,,,PRESENT,1,da86174a-a605-43a4-a5e8-53d484152cd3,47.582639,8.833968,3,,,,,,26.10.18 08:18,26,10,2018,3169707,3169707,HUMAN_OBSERVATION,,,,,,,CC_BY_4_0,,,,,25.11.22 00:55,,COORDINATE_ROUNDED;COUNTRY_DERIVED_FROM_COORDINATES
2646720302,14d5676a-2c54-4f94-9023-1e8dcd822aa0,q-10111745553,Plantae,Tracheophyta,Magnoliopsida,Dipsacales,Viburnaceae,Sambucus,Sambucus ebulus,,SPECIES,Sambucus ebulus L.,Sambucus ebulus L.,L.,CH,,,PRESENT,1,da86174a-a605-43a4-a5e8-53d484152cd3,47.58489,8.853114,23,,518.96,0,,,21.09.19 15:31,21,9,2019,2888722,2888722,HUMAN_OBSERVATION,,,,,,,CC_BY_4_0,,,,,25.11.22 00:54,,COORDINATE_ROUNDED;COUNTRY_DERIVED_FROM_COORDINATES
2646589593,14d5676a-2c54-4f94-9023-1e8dcd822aa0,q-10109775334,Plantae,Tracheophyta,Magnoliopsida,Cornales,Cornaceae,Cornus,Cornus sanguinea,,SPECIES,Cornus sanguinea L.,Cornus sanguinea L.,L.,CH,,,PRESENT,1,da86174a-a605-43a4-a5e8-53d484152cd3,47.580956,8.819814,19,,427.87,0,,,13.09.19 08:18,13,9,2019,3082234,3082234,HUMAN_OBSERVATION,,,,,,,CC_BY_4_0,,,,,25.11.22 00:57,,COORDINATE_ROUNDED;COUNTRY_DERIVED_FROM_COORDINATES
2646419379,14d5676a-2c54-4f94-9023-1e8dcd822aa0,q-10115764959,Plantae,Tracheophyta,Magnoliopsida,Fagales,Fagaceae,Fagus,Fagus sylvatica,,SPECIES,Fagus sylvatica L.,Fagus sylvatica L.,L.,CH,,,PRESENT,1,da86174a-a605-43a4-a5e8-53d484152cd3,47.5775,8.825556,,,436,0,,,11.10.19 11:03,11,10,2019,2882316,2882316,HUMAN_OBSERVATION,,,,,,,CC_BY_4_0,,,,,25.11.22 00:54,,COORDINATE_ROUNDED;COUNTRY_DERIVED_FROM_COORDINATES
2645671193,14d5676a-2c54-4f94-9023-1e8dcd822aa0,q-10088151284,Plantae,Tracheophyta,Magnoliopsida,Geraniales,Geraniaceae,Geranium,Geranium dissectum,,SPECIES,Geranium dissectum L.,Geranium dissectum L.,L.,CH,,,PRESENT,1,da86174a-a605-43a4-a5e8-53d484152cd3,47.587623,8.830053,24,,577.73,0,,,20.06.19 09:14,20,6,2019,2890040,2890040,HUMAN_OBSERVATION,,,,,,,CC_BY_4_0,,,,,25.11.22 00:53,,COORDINATE_ROUNDED;COUNTRY_DERIVED_FROM_COORDINATES
2645296057,7a3679ef-5582-4aaa-81f0-8c2545cafc81,o-1004129058,Plantae,Tracheophyta,Magnoliopsida,Boraginales,Boraginaceae,Borago,Borago officinalis,,SPECIES,Borago officinalis L.,Borago officinalis L.,L.,CH,,,PRESENT,1,da86174a-a605-43a4-a5e8-53d484152cd3,47.585107,8.823507,5,,507,0,,,13.06.19 10:19,13,6,2019,2926110,2926110,HUMAN_OBSERVATION,,,,,,,CC_BY_4_0,,,,,25.11.22 07:37,StillImage,COORDINATE_ROUNDED;COUNTRY_DERIVED_FROM_COORDINATES
2645250965,7a3679ef-5582-4aaa-81f0-8c2545cafc81,o-1004129038,Plantae,Tracheophyta,Magnoliopsida,Apiales,Apiaceae,Angelica,Angelica sylvestris,,SPECIES,Angelica sylvestris L.,Angelica sylvestris L.,L.,CH,,,PRESENT,1,da86174a-a605-43a4-a5e8-53d484152cd3,47.585091,8.823514,6,,515,0,,,13.06.19 10:15,13,6,2019,5371818,5371818,HUMAN_OBSERVATION,,,,,,,CC_BY_4_0,,,,,25.11.22 07:31,StillImage,COORDINATE_ROUNDED;COUNTRY_DERIVED_FROM_COORDINATES
2645179416,14d5676a-2c54-4f94-9023-1e8dcd822aa0,q-10080864491,Plantae,Tracheophyta,Magnoliopsida,Lamiales,Orobanchaceae,Rhinanthus,Rhinanthus alectorolophus,,SPECIES,Rhinanthus alectorolophus (Scop.) Pollich,Rhinanthus alectorolophus (Scop.) Pollich,(Scop.) Pollich,CH,,,PRESENT,1,da86174a-a605-43a4-a5e8-53d484152cd3,47.586253,8.836064,105,,435.96,0,,,30.05.19 09:25,30,5,2019,3172045,3172045,HUMAN_OBSERVATION,,,,,,,CC_BY_4_0,,,,,25.11.22 00:39,,COORDINATE_ROUNDED;COUNTRY_DERIVED_FROM_COORDINATES
2645105760,7a3679ef-5582-4aaa-81f0-8c2545cafc81,o-1004129131,Plantae,Tracheophyta,Magnoliopsida,Boraginales,Boraginaceae,Symphytum,Symphytum officinale,,SPECIES,Symphytum officinale L.,Symphytum officinale L.,L.,CH,,,PRESENT,1,da86174a-a605-43a4-a5e8-53d484152cd3,47.585544,8.82364,14,,518,0,,,13.06.19 10:23,13,6,2019,7558421,7558421,HUMAN_OBSERVATION,,,,,,,CC_BY_4_0,,,,,25.11.22 07:31,StillImage,COORDINATE_ROUNDED;COUNTRY_DERIVED_FROM_COORDINATES
2644562882,14d5676a-2c54-4f94-9023-1e8dcd822aa0,q-10069745536,Plantae,Tracheophyta,Magnoliopsida,Gentianales,Rubiaceae,Galium,Galium odoratum,,SPECIES,Galium odoratum (L.) Scop.,Galium odoratum (L.) Scop.,(L.) Scop.,CH,,,PRESENT,1,da86174a-a605-43a4-a5e8-53d484152cd3,47.590278,8.841944,,,560,0,,,23.04.19 17:55,23,4,2019,2914642,2914642,HUMAN_OBSERVATION,,,,,,,CC_BY_4_0,,,,,25.11.22 00:38,,COORDINATE_ROUNDED;COUNTRY_DERIVED_FROM_COORDINATES
2644277596,7a3679ef-5582-4aaa-81f0-8c2545cafc81,o-1005574199,Plantae,Tracheophyta,Magnoliopsida,Asterales,Asteraceae,Tussilago,Tussilago farfara,,SPECIES,Tussilago farfara L.,Tussilago farfara L.,L.,CH,,,PRESENT,1,da86174a-a605-43a4-a5e8-53d484152cd3,47.5875,8.829444,,,563,0,,,12.03.20 11:25,12,3,2020,3149879,3149879,HUMAN_OBSERVATION,,,,,,,CC_BY_4_0,,,,,25.11.22 07:32,StillImage,COORDINATE_ROUNDED;COUNTRY_DERIVED_FROM_COORDINATES
2643655974,7a3679ef-5582-4aaa-81f0-8c2545cafc81,o-1004129027,Plantae,Tracheophyta,Magnoliopsida,Rosales,Rosaceae,Geum,Geum urbanum,,SPECIES,Geum urbanum L.,Geum urbanum L.,L.,CH,,,PRESENT,1,da86174a-a605-43a4-a5e8-53d484152cd3,47.585656,8.823109,8,,511,0,,,13.06.19 10:09,13,6,2019,5369652,5369652,HUMAN_OBSERVATION,,,,,,,CC_BY_4_0,,,,,25.11.22 07:31,StillImage,COORDINATE_ROUNDED;COUNTRY_DERIVED_FROM_COORDINATES
2643652074,7a3679ef-5582-4aaa-81f0-8c2545cafc81,o-1004129176,Plantae,Tracheophyta,Magnoliopsida,Dipsacales,Caprifoliaceae,Dipsacus,Dipsacus fullonum,,SPECIES,Dipsacus fullonum L.,Dipsacus fullonum L.,L.,CH,,,PRESENT,1,da86174a-a605-43a4-a5e8-53d484152cd3,47.584896,8.824281,7,,506,0,,,13.06.19 10:29,13,6,2019,8435025,8435025,HUMAN_OBSERVATION,,,,,,,CC_BY_4_0,,,,,25.11.22 07:31,StillImage,COORDINATE_ROUNDED;COUNTRY_DERIVED_FROM_COORDINATES